event,start,end,dur_min,peak_dvwc,n_responding,n_sensors_total,peak_time,sensors_responding
0,2024-06-04T12:00:00.000000000,2024-06-04T12:30:00.000000000,30,0.11096334399999247,2,7,2024-06-04T12:15:00.000000000,SMS13;SMS15
1,2024-06-06T21:45:00.000000000,2024-06-06T23:30:00.000000000,105,0.17509805999998207,2,7,2024-06-06T22:15:00.000000000,SMS11;SMS15
2,2024-06-22T18:45:00.000000000,2024-06-22T21:45:00.000000000,180,0.0608072040000025,2,7,2024-06-22T19:15:00.000000000,SMS11;SMS15
3,2024-06-23T17:45:00.000000000,2024-06-23T18:15:00.000000000,30,0.021427596000012317,2,7,2024-06-23T17:45:00.000000000,SMS04;SMS11
4,2024-07-05T20:45:00.000000000,2024-07-06T01:45:00.000000000,300,0.048456467999949404,5,7,2024-07-05T20:45:00.000000000,SMS01;SMS04;SMS08;SMS11;SMS15
5,2024-08-05T04:45:00.000000000,2024-08-05T06:30:00.000000000,105,0.05331297600023388,2,7,2024-08-05T05:30:00.000000000,SMS11;SMS15
6,2024-08-06T22:30:00.000000000,2024-08-06T23:45:00.000000000,75,0.059783147999951325,2,7,2024-08-06T22:45:00.000000000,SMS11;SMS13
7,2024-08-08T00:30:00.000000000,2024-08-08T03:00:00.000000000,150,0.036493631999837794,5,7,2024-08-08T01:30:00.000000000,SMS04;SMS06;SMS11;SMS13;SMS15
8,2024-08-08T18:30:00.000000000,2024-08-09T04:00:00.000000000,570,0.03210260399991971,7,7,2024-08-08T19:15:00.000000000,SMS01;SMS04;SMS06;SMS08;SMS11;SMS13;SMS15
9,2024-08-09T20:45:00.000000000,2024-08-09T23:30:00.000000000,165,0.04310344799996524,7,7,2024-08-09T22:00:00.000000000,SMS01;SMS04;SMS06;SMS08;SMS11;SMS13;SMS15
10,2024-08-11T01:45:00.000000000,2024-08-11T03:45:00.000000000,120,0.021350015999996752,6,7,2024-08-11T02:45:00.000000000,SMS01;SMS06;SMS08;SMS11;SMS13;SMS15
11,2024-09-02T21:15:00.000000000,2024-09-02T22:00:00.000000000,45,0.035128223999890906,2,7,2024-09-02T21:15:00.000000000,SMS11;SMS15
12,2024-09-05T23:15:00.000000000,2024-09-06T05:30:00.000000000,375,0.11894565599995988,5,7,2024-09-06T00:15:00.000000000,SMS04;SMS06;SMS08;SMS11;SMS15
13,2024-10-03T22:00:00.000000000,2024-10-03T23:30:00.000000000,90,0.02934075599987407,2,7,2024-10-03T22:45:00.000000000,SMS04;SMS11
14,2024-10-10T11:00:00.000000000,2024-10-10T12:15:00.000000000,75,0.05598172800018797,2,7,2024-10-10T11:15:00.000000000,SMS06;SMS11
15,2024-10-11T06:15:00.000000000,2024-10-11T07:15:00.000000000,60,0.010581911999906879,2,7,2024-10-11T06:45:00.000000000,SMS06;SMS11
16,2024-10-12T08:45:00.000000000,2024-10-12T13:15:00.000000000,270,0.013467887999650041,2,7,2024-10-12T12:15:00.000000000,SMS06;SMS11
17,2024-10-13T01:00:00.000000000,2024-10-13T03:00:00.000000000,120,0.012117996000233666,2,7,2024-10-13T02:00:00.000000000,SMS06;SMS11
18,2024-10-14T05:00:00.000000000,2024-10-14T11:00:00.000000000,360,0.024794568000015726,6,7,2024-10-14T08:15:00.000000000,SMS01;SMS06;SMS08;SMS11;SMS13;SMS15
19,2024-10-14T17:30:00.000000000,2024-10-14T21:45:00.000000000,255,0.020356991999960883,6,7,2024-10-14T19:15:00.000000000,SMS04;SMS06;SMS08;SMS11;SMS13;SMS15
20,2024-10-15T11:45:00.000000000,2024-10-15T14:45:00.000000000,180,0.05686614000005652,6,7,2024-10-15T13:30:00.000000000,SMS04;SMS06;SMS08;SMS11;SMS13;SMS15
21,2024-10-19T06:00:00.000000000,2024-10-19T10:30:00.000000000,270,0.05941076399994927,6,7,2024-10-19T06:45:00.000000000,SMS04;SMS06;SMS08;SMS11;SMS13;SMS15
22,2024-10-31T05:30:00.000000000,2024-10-31T07:00:00.000000000,90,0.03157505999988641,4,7,2024-10-31T06:00:00.000000000,SMS01;SMS06;SMS11;SMS15
23,2024-11-01T07:45:00.000000000,2024-11-01T10:45:00.000000000,180,0.017533080000066537,3,7,2024-11-01T08:30:00.000000000,SMS06;SMS11;SMS15
24,2024-11-02T02:30:00.000000000,2024-11-02T03:45:00.000000000,75,0.013529951999953549,2,7,2024-11-02T03:00:00.000000000,SMS06;SMS11
25,2024-11-03T00:15:00.000000000,2024-11-03T01:30:00.000000000,75,0.012164543999824695,2,7,2024-11-03T00:45:00.000000000,SMS06;SMS11
26,2024-11-12T23:30:00.000000000,2024-11-13T06:15:00.000000000,405,0.08940319199991792,7,7,2024-11-13T00:00:00.000000000,SMS01;SMS04;SMS06;SMS08;SMS11;SMS13;SMS15
27,2024-11-13T22:15:00.000000000,2024-11-13T23:00:00.000000000,45,0.008937216000049375,2,7,2024-11-13T22:45:00.000000000,SMS08;SMS13
28,2024-11-14T09:45:00.000000000,2024-11-14T10:45:00.000000000,60,0.007478712000010934,3,7,2024-11-14T10:15:00.000000000,SMS06;SMS08;SMS13
29,2024-11-14T22:45:00.000000000,2024-11-15T00:30:00.000000000,105,0.01686589200016897,5,7,2024-11-14T23:30:00.000000000,SMS06;SMS08;SMS11;SMS13;SMS15
30,2024-11-15T18:30:00.000000000,2024-11-16T02:15:00.000000000,465,0.007975224000256298,3,7,2024-11-15T19:00:00.000000000,SMS06;SMS08;SMS11
31,2024-11-17T02:00:00.000000000,2024-11-17T05:30:00.000000000,210,0.012536927999826752,4,7,2024-11-17T05:00:00.000000000,SMS04;SMS06;SMS08;SMS13
32,2024-11-26T09:00:00.000000000,2024-11-27T01:00:00.000000000,960,0.03615227999980564,7,7,2024-11-26T16:15:00.000000000,SMS01;SMS04;SMS06;SMS08;SMS11;SMS13;SMS15
33,2024-11-30T08:15:00.000000000,2024-11-30T11:45:00.000000000,210,0.01694347199991164,7,7,2024-11-30T09:15:00.000000000,SMS01;SMS04;SMS06;SMS08;SMS11;SMS13;SMS15
34,2024-12-11T09:00:00.000000000,2024-12-11T16:30:00.000000000,450,0.02887527600014439,6,7,2024-12-11T13:45:00.000000000,SMS01;SMS06;SMS08;SMS11;SMS13;SMS15
35,2024-12-12T03:45:00.000000000,2024-12-12T04:45:00.000000000,60,0.016555571999924745,3,7,2024-12-12T04:30:00.000000000,SMS01;SMS04;SMS08
36,2024-12-12T13:00:00.000000000,2024-12-12T20:15:00.000000000,435,0.020325959999900167,3,7,2024-12-12T19:15:00.000000000,SMS01;SMS06;SMS08
37,2024-12-13T06:45:00.000000000,2024-12-13T07:15:00.000000000,30,0.0062529479997465165,2,7,2024-12-13T07:00:00.000000000,SMS11;SMS13
38,2024-12-13T14:15:00.000000000,2024-12-13T15:15:00.000000000,60,0.007230456000070218,3,7,2024-12-13T14:45:00.000000000,SMS08;SMS11;SMS13
39,2024-12-27T07:30:00.000000000,2024-12-27T08:30:00.000000000,60,0.009294083999702774,2,7,2024-12-27T08:15:00.000000000,SMS11;SMS15
40,2024-12-29T20:00:00.000000000,2024-12-29T23:45:00.000000000,225,0.040000248000069405,6,7,2024-12-29T22:30:00.000000000,SMS01;SMS06;SMS08;SMS11;SMS13;SMS15
41,2025-03-11T20:45:00.000000000,2025-03-12T00:30:00.000000000,225,0.07200000000011642,4,7,2025-03-11T21:00:00.000000000,SMS06;SMS11;SMS13;SMS15
42,2025-05-16T22:45:00.000000000,2025-05-16T23:30:00.000000000,45,0.009945755999797246,2,7,2025-05-16T23:00:00.000000000,SMS08;SMS15
43,2025-05-17T15:30:00.000000000,2025-05-17T19:00:00.000000000,210,0.11680444800076661,5,7,2025-05-17T16:30:00.000000000,SMS04;SMS06;SMS08;SMS11;SMS15
44,2025-05-18T01:30:00.000000000,2025-05-18T03:00:00.000000000,90,0.023087808000127552,4,7,2025-05-18T02:15:00.000000000,SMS06;SMS08;SMS11;SMS15
45,2025-06-11T21:45:00.000000000,2025-06-12T01:15:00.000000000,210,0.13325140800006918,5,7,2025-06-11T22:30:00.000000000,SMS04;SMS06;SMS08;SMS11;SMS15
46,2025-06-22T20:45:00.000000000,2025-06-22T23:45:00.000000000,180,0.05632307999985642,2,7,2025-06-22T21:45:00.000000000,SMS06;SMS11
47,2025-07-21T20:30:00.000000000,2025-07-21T23:30:00.000000000,180,0.11359999999986037,3,7,2025-07-21T21:30:00.000000000,SMS06;SMS11;SMS15
48,2025-08-01T22:30:00.000000000,2025-08-02T04:15:00.000000000,345,0.07079999999987197,4,7,2025-08-01T23:00:00.000000000,SMS06;SMS08;SMS11;SMS15
49,2025-08-03T17:00:00.000000000,2025-08-03T19:00:00.000000000,120,0.10147463999965112,5,7,2025-08-03T18:00:00.000000000,SMS04;SMS06;SMS08;SMS11;SMS15
50,2025-08-04T19:45:00.000000000,2025-08-05T02:45:00.000000000,420,0.07590427200011618,7,7,2025-08-04T20:45:00.000000000,SMS01;SMS04;SMS06;SMS08;SMS11;SMS13;SMS15
51,2025-08-17T18:45:00.000000000,2025-08-17T20:45:00.000000000,120,0.0699306119997345,3,7,2025-08-17T19:30:00.000000000,SMS06;SMS08;SMS11
52,2025-08-31T22:15:00.000000000,2025-09-01T03:15:00.000000000,300,0.08654824799959893,5,7,2025-08-31T23:00:00.000000000,SMS04;SMS06;SMS08;SMS11;SMS15
53,2025-09-08T00:30:00.000000000,2025-09-08T03:15:00.000000000,165,0.0982473119998758,5,7,2025-09-08T02:15:00.000000000,SMS04;SMS06;SMS08;SMS11;SMS15
54,2025-09-11T20:15:00.000000000,2025-09-11T21:45:00.000000000,90,0.024189443999785065,3,7,2025-09-11T20:45:00.000000000,SMS06;SMS08;SMS11
55,2025-09-13T03:45:00.000000000,2025-09-13T05:45:00.000000000,120,0.07334413200005663,5,7,2025-09-13T04:45:00.000000000,SMS04;SMS06;SMS08;SMS11;SMS15
56,2025-09-19T02:00:00.000000000,2025-09-19T03:00:00.000000000,60,0.008099351999408144,2,7,2025-09-19T02:00:00.000000000,SMS06;SMS11
57,2025-09-22T00:15:00.000000000,2025-09-22T06:00:00.000000000,345,0.05821603199983655,6,7,2025-09-22T01:30:00.000000000,SMS01;SMS06;SMS08;SMS11;SMS13;SMS15
58,2025-09-22T23:30:00.000000000,2025-09-23T01:00:00.000000000,90,0.028813212000022737,4,7,2025-09-23T00:15:00.000000000,SMS06;SMS08;SMS11;SMS15
59,2025-09-25T20:00:00.000000000,2025-09-25T23:15:00.000000000,195,0.08100903599988662,6,7,2025-09-25T21:00:00.000000000,SMS04;SMS06;SMS08;SMS11;SMS13;SMS15
60,2025-09-27T19:30:00.000000000,2025-09-27T21:00:00.000000000,90,0.03165264000017487,4,7,2025-09-27T20:15:00.000000000,SMS06;SMS08;SMS11;SMS15
61,2025-10-02T01:15:00.000000000,2025-10-02T04:15:00.000000000,180,0.01119999999937138,3,7,2025-10-02T03:15:00.000000000,SMS06;SMS08;SMS11
62,2025-10-04T02:15:00.000000000,2025-10-04T06:30:00.000000000,255,0.047339316000216125,6,7,2025-10-04T03:30:00.000000000,SMS01;SMS06;SMS08;SMS11;SMS13;SMS15
63,2025-10-08T12:15:00.000000000,2025-10-08T13:45:00.000000000,90,0.013638563999847975,3,7,2025-10-08T13:00:00.000000000,SMS06;SMS08;SMS11
64,2025-10-13T12:30:00.000000000,2025-10-13T14:45:00.000000000,135,0.04152081600004748,4,7,2025-10-13T13:45:00.000000000,SMS06;SMS08;SMS11;SMS15
65,2025-10-13T22:45:00.000000000,2025-10-14T01:45:00.000000000,180,0.042063875999883815,5,7,2025-10-13T23:30:00.000000000,SMS04;SMS06;SMS08;SMS11;SMS15
66,2025-10-15T06:30:00.000000000,2025-10-15T07:30:00.000000000,60,0.009600000001955822,2,7,2025-10-15T06:45:00.000000000,SMS08;SMS11
67,2025-10-15T23:30:00.000000000,2025-10-16T01:00:00.000000000,90,0.016524539999954846,4,7,2025-10-16T00:15:00.000000000,SMS06;SMS08;SMS11;SMS15
68,2025-10-16T10:45:00.000000000,2025-10-16T11:45:00.000000000,60,0.007245971999509493,2,7,2025-10-16T11:15:00.000000000,SMS08;SMS11
69,2025-10-17T04:00:00.000000000,2025-10-17T05:45:00.000000000,105,0.032056056000146826,5,7,2025-10-17T04:45:00.000000000,SMS04;SMS06;SMS08;SMS11;SMS15
70,2025-10-17T22:15:00.000000000,2025-10-18T08:45:00.000000000,630,0.020294928000293977,4,7,2025-10-17T23:00:00.000000000,SMS06;SMS08;SMS11;SMS15
71,2025-10-19T02:30:00.000000000,2025-10-19T04:00:00.000000000,90,0.01787443200009875,4,7,2025-10-19T03:00:00.000000000,SMS06;SMS08;SMS11;SMS15
72,2025-10-20T06:45:00.000000000,2025-10-20T07:15:00.000000000,30,0.007959707999543708,2,7,2025-10-20T06:45:00.000000000,SMS08;SMS11
73,2025-10-21T05:45:00.000000000,2025-10-21T13:15:00.000000000,450,0.02257578000062488,5,7,2025-10-21T12:30:00.000000000,SMS04;SMS06;SMS08;SMS11;SMS15
74,2025-11-05T23:45:00.000000000,2025-11-06T08:45:00.000000000,540,0.09422866799941398,4,7,2025-11-06T01:15:00.000000000,SMS06;SMS08;SMS11;SMS15
75,2025-11-07T14:45:00.000000000,2025-11-07T16:30:00.000000000,105,0.03748665599996459,5,7,2025-11-07T15:30:00.000000000,SMS04;SMS06;SMS08;SMS11;SMS15
76,2025-11-16T11:15:00.000000000,2025-11-16T13:30:00.000000000,135,0.04193974800000433,5,7,2025-11-16T12:15:00.000000000,SMS01;SMS06;SMS08;SMS11;SMS15
77,2025-11-16T23:30:00.000000000,2025-11-17T05:45:00.000000000,375,0.02612894399935617,7,7,2025-11-17T05:00:00.000000000,SMS01;SMS04;SMS06;SMS08;SMS11;SMS13;SMS15
78,2025-11-17T17:00:00.000000000,2025-11-17T17:45:00.000000000,45,0.008518284000456289,2,7,2025-11-17T17:15:00.000000000,SMS06;SMS08
79,2025-11-18T02:15:00.000000000,2025-11-18T06:45:00.000000000,270,0.020155283999338303,3,7,2025-11-18T06:00:00.000000000,SMS01;SMS06;SMS08
80,2025-11-21T22:00:00.000000000,2025-11-22T07:00:00.000000000,540,0.017672724000294737,4,7,2025-11-21T23:00:00.000000000,SMS06;SMS08;SMS11;SMS15
81,2025-11-22T16:15:00.000000000,2025-11-22T17:30:00.000000000,75,0.008130384000833102,3,7,2025-11-22T16:45:00.000000000,SMS06;SMS08;SMS11
82,2025-11-23T02:15:00.000000000,2025-11-23T05:00:00.000000000,165,0.02848737600070317,7,7,2025-11-23T03:15:00.000000000,SMS01;SMS04;SMS06;SMS08;SMS11;SMS13;SMS15
83,2025-11-23T18:45:00.000000000,2025-11-23T20:00:00.000000000,75,0.00969750000003844,3,7,2025-11-23T19:30:00.000000000,SMS08;SMS11;SMS15
84,2025-11-24T05:30:00.000000000,2025-11-24T06:45:00.000000000,75,0.016555571999924634,4,7,2025-11-24T06:15:00.000000000,SMS06;SMS08;SMS11;SMS15
85,2025-11-29T03:30:00.000000000,2025-11-29T06:15:00.000000000,165,0.04696693200021396,4,7,2025-11-29T05:00:00.000000000,SMS06;SMS08;SMS11;SMS15
86,2025-11-29T13:45:00.000000000,2025-11-29T16:15:00.000000000,150,0.020031156000914097,5,7,2025-11-29T14:15:00.000000000,SMS01;SMS04;SMS06;SMS08;SMS13
87,2025-12-02T05:45:00.000000000,2025-12-02T06:45:00.000000000,60,0.007199999998556361,2,7,2025-12-02T06:15:00.000000000,SMS08;SMS11
88,2025-12-02T19:15:00.000000000,2025-12-02T20:30:00.000000000,75,0.010907747999590267,4,7,2025-12-02T20:00:00.000000000,SMS06;SMS08;SMS11;SMS15
89,2025-12-03T18:45:00.000000000,2025-12-03T21:15:00.000000000,150,0.019550159999926042,7,7,2025-12-03T19:30:00.000000000,SMS01;SMS04;SMS06;SMS08;SMS11;SMS13;SMS15
90,2025-12-04T20:30:00.000000000,2025-12-04T22:00:00.000000000,90,0.013297211999451886,4,7,2025-12-04T21:15:00.000000000,SMS06;SMS08;SMS11;SMS15
91,2025-12-05T08:45:00.000000000,2025-12-05T10:15:00.000000000,90,0.011916288000065833,4,7,2025-12-05T09:30:00.000000000,SMS06;SMS08;SMS11;SMS15
92,2025-12-16T20:00:00.000000000,2025-12-16T22:15:00.000000000,135,0.028487376000703057,3,7,2025-12-16T20:45:00.000000000,SMS06;SMS11;SMS15
93,2026-01-25T05:30:00.000000000,2026-01-25T20:00:00.000000000,870,0.10948089600060484,6,7,2026-01-25T10:15:00.000000000,SMS01;SMS06;SMS08;SMS11;SMS13;SMS15
