event,event_start,location,treatment,sensor_10,sensor_40,onset_10_h,onset_40_h,onset_lag_h,peak_10_h,peak_40_h,peak_lag_h,responded_40
0,1.7175024e+18,ConG,control,SMS11,SMS12,1.8333333333333333,NaN,NaN,58.833333333333336,14.75,-44.083333333333336,false
1,1.7177103e+18,ConG,control,SMS11,SMS12,0.6666666666666666,43.416666666666664,42.75,1.0833333333333333,72.0,70.91666666666667,true
2,1.7190819e+18,ConG,control,SMS11,SMS12,0.5,5.666666666666667,5.166666666666667,22.916666666666668,57.0,34.08333333333333,true
3,1.7191647e+18,ConG,control,SMS11,SMS12,0.0,2.75,2.75,0.0,34.0,34.0,true
4,1.7202123e+18,ConG,control,SMS11,SMS12,0.0,0.6666666666666666,0.6666666666666666,0.3333333333333333,6.5,6.166666666666667,true
5,1.7228331e+18,ConG,control,SMS11,SMS12,0.0,56.666666666666664,56.666666666666664,68.16666666666667,72.0,3.8333333333333286,true
6,1.7229834e+18,ConG,control,SMS11,SMS12,0.6666666666666666,6.916666666666667,6.25,44.5,72.0,27.5,true
7,1.723077e+18,ConG,control,SMS11,SMS12,0.25,1.1666666666666667,0.9166666666666667,18.5,47.083333333333336,28.583333333333336,true
8,1.7231418e+18,ConG,control,SMS11,SMS12,0.25,1.3333333333333333,1.0833333333333333,0.5,29.083333333333332,28.583333333333332,true
9,1.7232363e+18,ConG,control,SMS11,SMS12,0.3333333333333333,1.4166666666666667,1.0833333333333335,1.3333333333333333,2.8333333333333335,1.5000000000000002,true
10,1.7233407e+18,ConG,control,SMS11,SMS12,0.4166666666666667,2.5,2.0833333333333335,0.6666666666666666,5.583333333333333,4.916666666666666,true
11,1.7253117e+18,ConG,control,SMS11,SMS12,0.0,NaN,NaN,0.16666666666666666,27.5,27.333333333333332,false
12,1.7255781e+18,ConG,control,SMS11,SMS12,0.4166666666666667,3.0833333333333335,2.666666666666667,0.5833333333333334,10.083333333333334,9.5,true
13,1.7279928e+18,ConG,control,SMS11,SMS12,0.4166666666666667,NaN,NaN,16.666666666666668,2.1666666666666665,-14.500000000000002,false
14,1.728558e+18,ConG,control,SMS11,SMS12,0.08333333333333333,NaN,NaN,63.75,1.0833333333333333,-62.666666666666664,false
15,1.7286273e+18,ConG,control,SMS11,SMS12,0.3333333333333333,NaN,NaN,44.5,70.25,25.75,false
16,1.7287227e+18,ConG,control,SMS11,SMS12,0.5,48.833333333333336,48.333333333333336,58.75,64.41666666666667,5.666666666666671,true
17,1.7287812e+18,ConG,control,SMS11,SMS12,0.4166666666666667,32.416666666666664,31.999999999999996,59.666666666666664,68.83333333333333,9.166666666666664,true
18,1.728882e+18,ConG,control,SMS11,SMS12,0.5833333333333334,6.333333333333333,5.75,31.666666666666668,40.833333333333336,9.166666666666668,true
19,1.728927e+18,ConG,control,SMS11,SMS12,0.4166666666666667,2.5,2.0833333333333335,19.166666666666668,28.333333333333332,9.166666666666664,true
20,1.7289927e+18,ConG,control,SMS11,SMS12,0.4166666666666667,2.1666666666666665,1.7499999999999998,0.9166666666666666,10.083333333333334,9.166666666666668,true
21,1.7293176e+18,ConG,control,SMS11,SMS12,0.6666666666666666,3.5,2.8333333333333335,1.1666666666666667,7.583333333333333,6.416666666666666,true
22,1.7303526e+18,ConG,control,SMS11,SMS12,0.5,34.666666666666664,34.166666666666664,46.0,65.41666666666667,19.41666666666667,true
23,1.7304471e+18,ConG,control,SMS11,SMS12,0.16666666666666666,7.083333333333333,6.916666666666666,19.75,39.166666666666664,19.416666666666664,true
24,1.7305146e+18,ConG,control,SMS11,SMS12,0.4166666666666667,NaN,NaN,1.0,20.416666666666668,19.416666666666668,false
25,1.7305929e+18,ConG,control,SMS11,SMS12,0.5833333333333334,NaN,NaN,1.1666666666666667,0.3333333333333333,-0.8333333333333335,false
26,1.7314542e+18,ConG,control,SMS11,SMS12,0.5833333333333334,6.0,5.416666666666667,67.66666666666667,51.166666666666664,-16.500000000000007,true
27,1.7315361e+18,ConG,control,SMS11,SMS12,12.666666666666666,55.166666666666664,42.5,44.916666666666664,58.25,13.333333333333336,true
28,1.7315775e+18,ConG,control,SMS11,SMS12,3.1666666666666665,69.08333333333333,65.91666666666666,33.416666666666664,69.08333333333333,35.666666666666664,true
29,1.7316243e+18,ConG,control,SMS11,SMS12,0.5833333333333334,2.25,1.6666666666666665,20.416666666666668,56.083333333333336,35.66666666666667,true
30,1.7316954e+18,ConG,control,SMS11,SMS12,0.4166666666666667,NaN,NaN,0.6666666666666666,36.333333333333336,35.66666666666667,false
31,1.7318088e+18,ConG,control,SMS11,SMS12,NaN,2.75,NaN,0.6666666666666666,4.833333333333333,4.166666666666666,true
32,1.7326116e+18,ConG,control,SMS11,SMS12,0.9166666666666666,10.833333333333334,9.916666666666668,10.666666666666666,15.416666666666666,4.75,true
33,1.7329545e+18,ConG,control,SMS11,SMS12,0.5833333333333334,4.25,3.6666666666666665,38.916666666666664,39.666666666666664,0.75,true
34,1.7339076e+18,ConG,control,SMS11,SMS12,0.5833333333333334,11.25,10.666666666666666,53.583333333333336,56.083333333333336,2.5,true
35,1.7339751e+18,ConG,control,SMS11,SMS12,14.75,1.0833333333333333,-13.666666666666666,34.833333333333336,37.333333333333336,2.5,true
36,1.7340084e+18,ConG,control,SMS11,SMS12,25.416666666666668,NaN,NaN,25.583333333333332,28.083333333333332,2.5,false
37,1.7340723e+18,ConG,control,SMS11,SMS12,0.0,NaN,NaN,7.833333333333333,10.333333333333334,2.500000000000001,false
38,1.7340993e+18,ConG,control,SMS11,SMS12,0.16666666666666666,NaN,NaN,0.3333333333333333,2.8333333333333335,2.5,false
39,1.7352846e+18,ConG,control,SMS11,SMS12,0.4166666666666667,NaN,NaN,62.583333333333336,0.08333333333333333,-62.5,false
40,1.7355024e+18,ConG,control,SMS11,SMS12,0.0,NaN,NaN,2.0833333333333335,29.166666666666668,27.083333333333336,false
41,1.7417259e+18,ConG,control,SMS11,SMS12,0.0,NaN,NaN,2.5,54.583333333333336,52.083333333333336,false
42,1.7474355e+18,ConG,control,SMS11,SMS12,17.75,NaN,NaN,27.833333333333332,0.0,-27.833333333333332,false
43,1.7474958e+18,ConG,control,SMS11,SMS12,0.8333333333333334,NaN,NaN,11.083333333333334,0.0,-11.083333333333334,false
44,1.7475318e+18,ConG,control,SMS11,SMS12,0.5,NaN,NaN,1.0833333333333333,0.0,-1.0833333333333333,false
45,1.7496783e+18,ConG,control,SMS11,SMS12,0.8333333333333334,68.75,67.91666666666667,1.25,70.5,69.25,true
46,1.7506251e+18,ConG,control,SMS11,SMS12,0.4166666666666667,NaN,NaN,3.25,1.5,-1.75,false
47,1.7531298e+18,ConG,control,SMS11,SMS12,0.0,NaN,NaN,1.5,0.16666666666666666,-1.3333333333333333,false
48,1.7540874e+18,ConG,control,SMS11,SMS12,0.0,39.75,39.75,43.333333333333336,72.0,28.666666666666664,true
49,1.7542404e+18,ConG,control,SMS11,SMS12,0.6666666666666666,4.083333333333333,3.4166666666666665,0.8333333333333334,33.083333333333336,32.25,true
50,1.7543367e+18,ConG,control,SMS11,SMS12,0.6666666666666666,2.0,1.3333333333333335,0.75,6.333333333333333,5.583333333333333,true
51,1.7554563e+18,ConG,control,SMS11,SMS12,0.5833333333333334,NaN,NaN,1.5,0.0,-1.5,false
52,1.7566785e+18,ConG,control,SMS11,SMS12,0.5833333333333334,NaN,NaN,1.8333333333333333,0.0,-1.8333333333333333,false
53,1.7572914e+18,ConG,control,SMS11,SMS12,0.6666666666666666,45.083333333333336,44.41666666666667,1.0,72.0,71.0,true
54,1.7576217e+18,ConG,control,SMS11,SMS12,0.4166666666666667,37.0,36.583333333333336,32.25,46.25,14.0,true
55,1.7577351e+18,ConG,control,SMS11,SMS12,0.5833333333333334,5.0,4.416666666666667,0.75,14.75,14.0,true
56,1.7582472e+18,ConG,control,SMS11,SMS12,0.6666666666666666,NaN,NaN,71.25,0.0,-71.25,false
57,1.7585001e+18,ConG,control,SMS11,SMS12,0.6666666666666666,5.416666666666667,4.75,24.083333333333332,29.916666666666668,5.833333333333336,true
58,1.7585838e+18,ConG,control,SMS11,SMS12,0.5,6.666666666666667,6.166666666666667,69.33333333333333,6.666666666666667,-62.666666666666664,true
59,1.7588304e+18,ConG,control,SMS11,SMS12,0.6666666666666666,4.583333333333333,3.9166666666666665,48.25,8.75,-39.5,true
60,1.7590014e+18,ConG,control,SMS11,SMS12,0.5833333333333334,NaN,NaN,0.75,7.5,6.75,false
61,1.7593677e+18,ConG,control,SMS11,SMS12,1.0,58.25,57.25,50.0,62.916666666666664,12.916666666666664,true
62,1.7595441e+18,ConG,control,SMS11,SMS12,0.5833333333333334,7.416666666666667,6.833333333333334,1.0,13.916666666666666,12.916666666666666,true
63,1.7599257e+18,ConG,control,SMS11,SMS12,0.5,NaN,NaN,3.6666666666666665,0.0,-3.6666666666666665,false
64,1.7603586e+18,ConG,control,SMS11,SMS12,0.6666666666666666,NaN,NaN,10.916666666666666,32.0,21.083333333333336,false
65,1.7603955e+18,ConG,control,SMS11,SMS12,0.3333333333333333,NaN,NaN,0.6666666666666666,71.16666666666667,70.5,false
66,1.7605098e+18,ConG,control,SMS11,SMS12,0.25,53.666666666666664,53.416666666666664,64.91666666666667,71.91666666666667,7.0,true
67,1.760571e+18,ConG,control,SMS11,SMS12,0.5833333333333334,35.75,35.166666666666664,47.916666666666664,59.083333333333336,11.166666666666671,true
68,1.7606115e+18,ConG,control,SMS11,SMS12,0.4166666666666667,24.5,24.083333333333332,36.666666666666664,47.833333333333336,11.166666666666671,true
69,1.7606736e+18,ConG,control,SMS11,SMS12,0.6666666666666666,9.166666666666666,8.5,19.416666666666668,30.583333333333332,11.166666666666664,true
70,1.7607393e+18,ConG,control,SMS11,SMS12,0.75,5.083333333333333,4.333333333333333,1.1666666666666667,12.333333333333334,11.166666666666668,true
71,1.760841e+18,ConG,control,SMS11,SMS12,0.5833333333333334,8.0,7.416666666666667,2.4166666666666665,70.08333333333333,67.66666666666666,true
72,1.7609427e+18,ConG,control,SMS11,SMS12,0.4166666666666667,30.416666666666668,30.0,51.5,41.833333333333336,-9.666666666666664,true
73,1.7610255e+18,ConG,control,SMS11,SMS12,0.6666666666666666,6.166666666666667,5.5,28.5,18.833333333333332,-9.666666666666668,true
74,1.7623863e+18,ConG,control,SMS11,SMS12,0.5,NaN,NaN,40.166666666666664,50.166666666666664,10.0,false
75,1.7625267e+18,ConG,control,SMS11,SMS12,0.75,NaN,NaN,1.1666666666666667,11.166666666666666,10.0,false
76,1.7632917e+18,ConG,control,SMS11,SMS12,0.25,18.833333333333332,18.583333333333332,54.416666666666664,44.916666666666664,-9.5,true
77,1.7633358e+18,ConG,control,SMS11,SMS12,0.16666666666666666,6.416666666666667,6.25,42.166666666666664,32.666666666666664,-9.5,true
78,1.7633988e+18,ConG,control,SMS11,SMS12,NaN,10.333333333333334,NaN,24.666666666666668,15.166666666666666,-9.500000000000002,true
79,1.7634321e+18,ConG,control,SMS11,SMS12,NaN,4.5,NaN,15.416666666666666,5.916666666666667,-9.5,true
80,1.7637624e+18,ConG,control,SMS11,SMS12,1.4166666666666667,31.083333333333332,29.666666666666664,45.916666666666664,61.583333333333336,15.666666666666671,true
81,1.7638281e+18,ConG,control,SMS11,SMS12,0.75,13.333333333333334,12.583333333333334,27.666666666666668,43.333333333333336,15.666666666666668,true
82,1.7638641e+18,ConG,control,SMS11,SMS12,0.75,3.6666666666666665,2.9166666666666665,17.666666666666668,33.333333333333336,15.666666666666668,true
83,1.7639235e+18,ConG,control,SMS11,SMS12,0.5,15.0,14.5,1.1666666666666667,16.833333333333332,15.666666666666666,true
84,1.7639622e+18,ConG,control,SMS11,SMS12,0.5833333333333334,4.25,3.6666666666666665,7.583333333333333,6.083333333333333,-1.5,true
85,1.764387e+18,ConG,control,SMS11,SMS12,0.6666666666666666,13.166666666666666,12.5,38.583333333333336,17.083333333333332,-21.500000000000004,true
86,1.7644239e+18,ConG,control,SMS11,SMS12,28.333333333333332,2.9166666666666665,-25.416666666666664,28.333333333333332,6.833333333333333,-21.5,true
87,1.7646543e+18,ConG,control,SMS11,SMS12,0.4166666666666667,20.333333333333332,19.916666666666664,34.333333333333336,40.833333333333336,6.5,true
88,1.7647029e+18,ConG,control,SMS11,SMS12,0.5,6.083333333333333,5.583333333333333,20.833333333333332,27.333333333333332,6.5,true
89,1.7647875e+18,ConG,control,SMS11,SMS12,NaN,NaN,NaN,0.6666666666666666,3.8333333333333335,3.166666666666667,false
90,1.7648802e+18,ConG,control,SMS11,SMS12,1.0833333333333333,NaN,NaN,14.333333333333334,15.75,1.416666666666666,false
91,1.7649243e+18,ConG,control,SMS11,SMS12,0.5,NaN,NaN,2.0833333333333335,3.5,1.4166666666666665,false
92,1.7659152e+18,ConG,control,SMS11,SMS12,0.4166666666666667,NaN,NaN,18.416666666666668,0.0,-18.416666666666668,false
93,1.769319e+18,ConG,control,SMS11,SMS12,0.0,6.666666666666667,6.666666666666667,13.833333333333334,20.0,6.166666666666666,true
0,1.7175024e+18,ConH,control,SMS13,SMS14,3.5,NaN,NaN,72.0,16.25,-55.75,false
1,1.7177103e+18,ConH,control,SMS13,SMS14,12.083333333333334,NaN,NaN,68.16666666666667,3.75,-64.41666666666667,false
2,1.7190819e+18,ConH,control,SMS13,SMS14,17.75,NaN,NaN,70.5,5.333333333333333,-65.16666666666667,false
3,1.7191647e+18,ConH,control,SMS13,SMS14,20.166666666666668,NaN,NaN,71.75,8.0,-63.75,false
4,1.7202123e+18,ConH,control,SMS13,SMS14,7.416666666666667,NaN,NaN,43.916666666666664,7.416666666666667,-36.5,false
5,1.7228331e+18,ConH,control,SMS13,SMS14,5.75,NaN,NaN,42.416666666666664,0.16666666666666666,-42.25,false
6,1.7229834e+18,ConH,control,SMS13,SMS14,0.4166666666666667,46.0,45.583333333333336,71.91666666666667,55.416666666666664,-16.500000000000007,true
7,1.723077e+18,ConH,control,SMS13,SMS14,1.4166666666666667,20.0,18.583333333333332,45.916666666666664,50.833333333333336,4.916666666666671,true
8,1.7231418e+18,ConH,control,SMS13,SMS14,0.75,2.0833333333333335,1.3333333333333335,27.916666666666668,60.25,32.33333333333333,true
9,1.7232363e+18,ConH,control,SMS13,SMS14,0.75,1.0833333333333333,0.33333333333333326,1.6666666666666667,34.0,32.333333333333336,true
10,1.7233407e+18,ConH,control,SMS13,SMS14,0.9166666666666666,1.9166666666666667,1.0,2.8333333333333335,5.0,2.1666666666666665,true
11,1.7253117e+18,ConH,control,SMS13,SMS14,67.25,NaN,NaN,68.5,5.333333333333333,-63.166666666666664,false
12,1.7255781e+18,ConH,control,SMS13,SMS14,40.0,NaN,NaN,66.0,71.58333333333333,5.583333333333329,false
13,1.7279928e+18,ConH,control,SMS13,SMS14,NaN,NaN,NaN,0.0,6.583333333333333,6.583333333333333,false
14,1.728558e+18,ConH,control,SMS13,SMS14,1.75,NaN,NaN,72.0,0.0,-72.0,false
15,1.7286273e+18,ConH,control,SMS13,SMS14,6.0,NaN,NaN,58.333333333333336,22.083333333333332,-36.25,false
16,1.7287227e+18,ConH,control,SMS13,SMS14,6.916666666666667,63.083333333333336,56.16666666666667,60.75,71.91666666666667,11.166666666666671,true
17,1.7287812e+18,ConH,control,SMS13,SMS14,10.833333333333334,46.666666666666664,35.83333333333333,64.66666666666667,68.83333333333333,4.166666666666657,true
18,1.728882e+18,ConH,control,SMS13,SMS14,1.75,18.833333333333332,17.083333333333332,36.666666666666664,40.833333333333336,4.166666666666671,true
19,1.728927e+18,ConH,control,SMS13,SMS14,1.25,6.25,5.0,24.166666666666668,28.333333333333332,4.166666666666664,true
20,1.7289927e+18,ConH,control,SMS13,SMS14,1.3333333333333333,5.0,3.666666666666667,5.916666666666667,10.083333333333334,4.166666666666667,true
21,1.7293176e+18,ConH,control,SMS13,SMS14,2.25,NaN,NaN,5.083333333333333,15.166666666666666,10.083333333333332,false
22,1.7303526e+18,ConH,control,SMS13,SMS14,32.333333333333336,NaN,NaN,59.666666666666664,0.3333333333333333,-59.33333333333333,false
23,1.7304471e+18,ConH,control,SMS13,SMS14,5.083333333333333,NaN,NaN,33.416666666666664,67.16666666666667,33.75000000000001,false
24,1.7305146e+18,ConH,control,SMS13,SMS14,11.583333333333334,NaN,NaN,14.666666666666666,48.416666666666664,33.75,false
25,1.7305929e+18,ConH,control,SMS13,SMS14,NaN,NaN,NaN,17.0,26.666666666666668,9.666666666666668,false
26,1.7314542e+18,ConH,control,SMS13,SMS14,3.75,6.333333333333333,2.583333333333333,35.333333333333336,53.166666666666664,17.83333333333333,true
27,1.7315361e+18,ConH,control,SMS13,SMS14,0.5,NaN,NaN,12.583333333333334,52.916666666666664,40.33333333333333,false
28,1.7315775e+18,ConH,control,SMS13,SMS14,0.5833333333333334,40.5,39.916666666666664,67.75,41.416666666666664,-26.333333333333336,true
29,1.7316243e+18,ConH,control,SMS13,SMS14,0.9166666666666666,27.416666666666668,26.5,54.75,28.416666666666668,-26.333333333333332,true
30,1.7316954e+18,ConH,control,SMS13,SMS14,12.583333333333334,NaN,NaN,35.0,8.666666666666666,-26.333333333333336,false
31,1.7318088e+18,ConH,control,SMS13,SMS14,0.8333333333333334,NaN,NaN,3.5,5.0,1.5,false
32,1.7326116e+18,ConH,control,SMS13,SMS14,7.166666666666667,11.333333333333334,4.166666666666667,25.166666666666668,13.166666666666666,-12.000000000000002,true
33,1.7329545e+18,ConH,control,SMS13,SMS14,1.25,4.416666666666667,3.166666666666667,39.083333333333336,6.416666666666667,-32.66666666666667,true
34,1.7339076e+18,ConH,control,SMS13,SMS14,4.833333333333333,11.75,6.916666666666667,54.166666666666664,45.583333333333336,-8.583333333333329,true
35,1.7339751e+18,ConH,control,SMS13,SMS14,15.5,NaN,NaN,35.416666666666664,26.833333333333332,-8.583333333333332,false
36,1.7340084e+18,ConH,control,SMS13,SMS14,6.083333333333333,NaN,NaN,26.166666666666668,17.583333333333332,-8.583333333333336,false
37,1.7340723e+18,ConH,control,SMS13,SMS14,0.3333333333333333,NaN,NaN,8.416666666666666,0.4166666666666667,-7.999999999999999,false
38,1.7340993e+18,ConH,control,SMS13,SMS14,0.5833333333333334,NaN,NaN,0.9166666666666666,2.25,1.3333333333333335,false
39,1.7352846e+18,ConH,control,SMS13,SMS14,6.333333333333333,NaN,NaN,70.83333333333333,0.16666666666666666,-70.66666666666666,false
40,1.7355024e+18,ConH,control,SMS13,SMS14,2.6666666666666665,NaN,NaN,19.916666666666668,55.333333333333336,35.41666666666667,false
41,1.7417259e+18,ConH,control,SMS13,SMS14,0.75,NaN,NaN,16.416666666666668,0.0,-16.416666666666668,false
42,1.7474355e+18,ConH,control,SMS13,SMS14,NaN,NaN,NaN,42.75,1.75,-41.0,false
43,1.7474958e+18,ConH,control,SMS13,SMS14,21.666666666666668,NaN,NaN,71.83333333333333,0.0,-71.83333333333333,false
44,1.7475318e+18,ConH,control,SMS13,SMS14,12.166666666666666,NaN,NaN,62.833333333333336,0.0,-62.833333333333336,false
45,1.7496783e+18,ConH,control,SMS13,SMS14,17.25,NaN,NaN,66.0,0.0,-66.0,false
46,1.7506251e+18,ConH,control,SMS13,SMS14,NaN,NaN,NaN,0.0,0.4166666666666667,0.4166666666666667,false
47,1.7531298e+18,ConH,control,SMS13,SMS14,NaN,NaN,NaN,67.5,0.0,-67.5,false
48,1.7540874e+18,ConH,control,SMS13,SMS14,65.16666666666667,NaN,NaN,72.0,0.3333333333333333,-71.66666666666667,false
49,1.7542404e+18,ConH,control,SMS13,SMS14,19.833333333333332,NaN,NaN,47.5,0.0,-47.5,false
50,1.7543367e+18,ConH,control,SMS13,SMS14,1.8333333333333333,NaN,NaN,20.75,56.083333333333336,35.333333333333336,false
51,1.7554563e+18,ConH,control,SMS13,SMS14,69.08333333333333,NaN,NaN,70.5,3.0,-67.5,false
52,1.7566785e+18,ConH,control,SMS13,SMS14,NaN,NaN,NaN,42.25,0.0,-42.25,false
53,1.7572914e+18,ConH,control,SMS13,SMS14,62.666666666666664,NaN,NaN,64.66666666666667,0.5833333333333334,-64.08333333333334,false
54,1.7576217e+18,ConH,control,SMS13,SMS14,65.66666666666667,NaN,NaN,67.66666666666667,3.0,-64.66666666666667,false
55,1.7577351e+18,ConH,control,SMS13,SMS14,30.583333333333332,NaN,NaN,61.416666666666664,0.0,-61.416666666666664,false
56,1.7582472e+18,ConH,control,SMS13,SMS14,35.833333333333336,NaN,NaN,60.916666666666664,0.0,-60.916666666666664,false
57,1.7585001e+18,ConH,control,SMS13,SMS14,4.25,38.833333333333336,34.583333333333336,5.75,69.91666666666667,64.16666666666667,true
58,1.7585838e+18,ConH,control,SMS13,SMS14,16.833333333333332,18.25,1.4166666666666679,16.833333333333332,69.08333333333333,52.25,true
59,1.7588304e+18,ConH,control,SMS13,SMS14,3.5,14.083333333333334,10.583333333333334,4.5,55.0,50.5,true
60,1.7590014e+18,ConH,control,SMS13,SMS14,NaN,NaN,NaN,19.333333333333332,26.75,7.416666666666668,false
61,1.7593677e+18,ConH,control,SMS13,SMS14,13.75,NaN,NaN,59.833333333333336,71.41666666666667,11.583333333333336,false
62,1.7595441e+18,ConH,control,SMS13,SMS14,4.083333333333333,NaN,NaN,10.833333333333334,52.25,41.416666666666664,false
63,1.7599257e+18,ConH,control,SMS13,SMS14,NaN,NaN,NaN,27.333333333333332,0.0,-27.333333333333332,false
64,1.7603586e+18,ConH,control,SMS13,SMS14,21.916666666666668,NaN,NaN,27.75,38.583333333333336,10.833333333333336,false
65,1.7603955e+18,ConH,control,SMS13,SMS14,10.666666666666666,NaN,NaN,17.5,28.333333333333332,10.833333333333332,false
66,1.7605098e+18,ConH,control,SMS13,SMS14,8.583333333333334,71.25,62.666666666666664,69.25,71.25,2.0,true
67,1.760571e+18,ConH,control,SMS13,SMS14,15.083333333333334,52.416666666666664,37.33333333333333,59.416666666666664,60.5,1.0833333333333357,true
68,1.7606115e+18,ConH,control,SMS13,SMS14,3.25,41.166666666666664,37.916666666666664,48.166666666666664,49.25,1.0833333333333357,true
69,1.7606736e+18,ConH,control,SMS13,SMS14,4.5,25.75,21.25,30.916666666666668,32.0,1.0833333333333321,true
70,1.7607393e+18,ConH,control,SMS13,SMS14,4.666666666666667,10.083333333333334,5.416666666666667,12.666666666666666,13.75,1.083333333333334,true
71,1.760841e+18,ConH,control,SMS13,SMS14,9.916666666666666,62.583333333333336,52.66666666666667,68.41666666666667,67.75,-0.6666666666666714,true
72,1.7609427e+18,ConH,control,SMS13,SMS14,28.666666666666668,34.333333333333336,5.666666666666668,40.166666666666664,39.5,-0.6666666666666643,true
73,1.7610255e+18,ConH,control,SMS13,SMS14,4.25,9.833333333333334,5.583333333333334,17.166666666666668,16.5,-0.6666666666666679,true
74,1.7623863e+18,ConH,control,SMS13,SMS14,12.083333333333334,NaN,NaN,64.5,71.58333333333333,7.083333333333329,false
75,1.7625267e+18,ConH,control,SMS13,SMS14,22.25,NaN,NaN,25.5,32.583333333333336,7.083333333333336,false
76,1.7632917e+18,ConH,control,SMS13,SMS14,6.333333333333333,21.666666666666668,15.333333333333336,54.916666666666664,23.75,-31.166666666666664,true
77,1.7633358e+18,ConH,control,SMS13,SMS14,3.4166666666666665,9.25,5.833333333333334,42.666666666666664,11.5,-31.166666666666664,true
78,1.7633988e+18,ConH,control,SMS13,SMS14,0.6666666666666666,NaN,NaN,25.166666666666668,0.0,-25.166666666666668,false
79,1.7634321e+18,ConH,control,SMS13,SMS14,4.5,NaN,NaN,15.916666666666666,0.0,-15.916666666666666,false
80,1.7637624e+18,ConH,control,SMS13,SMS14,12.75,33.5,20.75,63.583333333333336,34.916666666666664,-28.66666666666667,true
81,1.7638281e+18,ConH,control,SMS13,SMS14,15.583333333333334,16.083333333333332,0.4999999999999982,45.333333333333336,16.666666666666668,-28.666666666666668,true
82,1.7638641e+18,ConH,control,SMS13,SMS14,2.25,6.25,4.0,35.333333333333336,6.666666666666667,-28.666666666666668,true
83,1.7639235e+18,ConH,control,SMS13,SMS14,16.166666666666668,NaN,NaN,18.833333333333332,2.75,-16.083333333333332,false
84,1.7639622e+18,ConH,control,SMS13,SMS14,3.6666666666666665,NaN,NaN,8.083333333333334,2.0833333333333335,-6.0,false
85,1.764387e+18,ConH,control,SMS13,SMS14,3.3333333333333335,13.416666666666666,10.083333333333332,39.583333333333336,17.0,-22.583333333333336,true
86,1.7644239e+18,ConH,control,SMS13,SMS14,0.75,3.1666666666666665,2.4166666666666665,29.333333333333332,6.75,-22.583333333333332,true
87,1.7646543e+18,ConH,control,SMS13,SMS14,15.916666666666666,19.416666666666668,3.5000000000000018,40.333333333333336,19.5,-20.833333333333336,true
88,1.7647029e+18,ConH,control,SMS13,SMS14,2.8333333333333335,5.75,2.9166666666666665,26.833333333333332,6.0,-20.833333333333332,true
89,1.7647875e+18,ConH,control,SMS13,SMS14,2.0,NaN,NaN,3.3333333333333335,3.4166666666666665,0.08333333333333304,false
90,1.7648802e+18,ConH,control,SMS13,SMS14,NaN,NaN,NaN,17.0,17.0,0.0,false
91,1.7649243e+18,ConH,control,SMS13,SMS14,3.3333333333333335,NaN,NaN,4.75,4.75,0.0,false
92,1.7659152e+18,ConH,control,SMS13,SMS14,19.583333333333332,NaN,NaN,20.583333333333332,0.0,-20.583333333333332,false
93,1.769319e+18,ConH,control,SMS13,SMS14,1.5833333333333333,14.75,13.166666666666666,16.25,24.0,7.75,true
0,1.7175024e+18,ConI,control,SMS15,SMS16,58.416666666666664,NaN,NaN,60.25,35.5,-24.75,false
1,1.7177103e+18,ConI,control,SMS15,SMS16,0.6666666666666666,NaN,NaN,2.5,7.916666666666667,5.416666666666667,false
2,1.7190819e+18,ConI,control,SMS15,SMS16,0.4166666666666667,NaN,NaN,5.916666666666667,9.0,3.083333333333333,false
3,1.7191647e+18,ConI,control,SMS15,SMS16,NaN,NaN,NaN,0.4166666666666667,9.0,8.583333333333334,false
4,1.7202123e+18,ConI,control,SMS15,SMS16,0.5833333333333334,NaN,NaN,6.5,6.583333333333333,0.08333333333333304,false
5,1.7228331e+18,ConI,control,SMS15,SMS16,0.5,NaN,NaN,70.08333333333333,0.3333333333333333,-69.75,false
6,1.7229834e+18,ConI,control,SMS15,SMS16,4.0,71.5,67.5,71.5,72.0,0.5,true
7,1.723077e+18,ConI,control,SMS15,SMS16,0.9166666666666666,45.5,44.583333333333336,45.5,46.25,0.75,true
8,1.7231418e+18,ConI,control,SMS15,SMS16,0.8333333333333334,27.5,26.666666666666668,27.5,58.75,31.25,true
9,1.7232363e+18,ConI,control,SMS15,SMS16,0.5833333333333334,1.25,0.6666666666666666,1.25,32.5,31.25,true
10,1.7233407e+18,ConI,control,SMS15,SMS16,0.5833333333333334,2.5833333333333335,2.0,0.8333333333333334,3.5,2.6666666666666665,true
11,1.7253117e+18,ConI,control,SMS15,SMS16,0.5,NaN,NaN,19.5,5.583333333333333,-13.916666666666668,false
12,1.7255781e+18,ConI,control,SMS15,SMS16,0.6666666666666666,2.8333333333333335,2.166666666666667,0.9166666666666666,5.833333333333333,4.916666666666666,true
13,1.7279928e+18,ConI,control,SMS15,SMS16,NaN,NaN,NaN,18.916666666666668,4.583333333333333,-14.333333333333336,false
14,1.728558e+18,ConI,control,SMS15,SMS16,0.5833333333333334,NaN,NaN,72.0,0.25,-71.75,false
15,1.7286273e+18,ConI,control,SMS15,SMS16,4.666666666666667,NaN,NaN,58.166666666666664,0.25,-57.916666666666664,false
16,1.7287227e+18,ConI,control,SMS15,SMS16,4.916666666666667,NaN,NaN,61.5,0.16666666666666666,-61.333333333333336,false
17,1.7287812e+18,ConI,control,SMS15,SMS16,5.333333333333333,62.083333333333336,56.75,64.41666666666667,63.5,-0.9166666666666714,true
18,1.728882e+18,ConI,control,SMS15,SMS16,1.5,34.0,32.5,36.416666666666664,35.5,-0.9166666666666643,true
19,1.728927e+18,ConI,control,SMS15,SMS16,1.3333333333333333,21.5,20.166666666666668,23.916666666666668,23.0,-0.9166666666666679,true
20,1.7289927e+18,ConI,control,SMS15,SMS16,0.8333333333333334,3.25,2.4166666666666665,5.666666666666667,4.75,-0.916666666666667,true
21,1.7293176e+18,ConI,control,SMS15,SMS16,0.6666666666666666,2.4166666666666665,1.75,6.666666666666667,3.9166666666666665,-2.7500000000000004,true
22,1.7303526e+18,ConI,control,SMS15,SMS16,0.3333333333333333,NaN,NaN,34.416666666666664,0.08333333333333333,-34.33333333333333,false
23,1.7304471e+18,ConI,control,SMS15,SMS16,2.0833333333333335,NaN,NaN,8.166666666666666,0.16666666666666666,-7.999999999999999,false
24,1.7305146e+18,ConI,control,SMS15,SMS16,11.916666666666666,NaN,NaN,13.916666666666666,0.3333333333333333,-13.583333333333332,false
25,1.7305929e+18,ConI,control,SMS15,SMS16,NaN,NaN,NaN,16.416666666666668,3.4166666666666665,-13.000000000000002,false
26,1.7314542e+18,ConI,control,SMS15,SMS16,0.6666666666666666,6.416666666666667,5.75,67.58333333333333,8.0,-59.58333333333333,true
27,1.7315361e+18,ConI,control,SMS15,SMS16,12.583333333333334,NaN,NaN,44.833333333333336,57.5,12.666666666666664,false
28,1.7315775e+18,ConI,control,SMS15,SMS16,13.75,69.0,55.25,33.333333333333336,69.0,35.666666666666664,true
29,1.7316243e+18,ConI,control,SMS15,SMS16,0.6666666666666666,NaN,NaN,20.333333333333332,56.0,35.66666666666667,false
30,1.7316954e+18,ConI,control,SMS15,SMS16,NaN,NaN,NaN,0.5833333333333334,36.25,35.666666666666664,false
31,1.7318088e+18,ConI,control,SMS15,SMS16,NaN,NaN,NaN,5.916666666666667,4.75,-1.166666666666667,false
32,1.7326116e+18,ConI,control,SMS15,SMS16,4.916666666666667,10.666666666666666,5.749999999999999,30.833333333333332,14.333333333333334,-16.5,true
33,1.7329545e+18,ConI,control,SMS15,SMS16,0.8333333333333334,4.833333333333333,3.9999999999999996,42.166666666666664,8.083333333333334,-34.08333333333333,true
34,1.7339076e+18,ConI,control,SMS15,SMS16,0.75,10.75,10.0,55.75,38.75,-17.0,true
35,1.7339751e+18,ConI,control,SMS15,SMS16,34.833333333333336,NaN,NaN,37.0,20.0,-17.0,false
36,1.7340084e+18,ConI,control,SMS15,SMS16,NaN,NaN,NaN,27.75,10.75,-17.0,false
37,1.7340723e+18,ConI,control,SMS15,SMS16,8.083333333333334,NaN,NaN,10.0,10.0,0.0,false
38,1.7340993e+18,ConI,control,SMS15,SMS16,NaN,NaN,NaN,2.5,2.5,0.0,false
39,1.7352846e+18,ConI,control,SMS15,SMS16,0.25,69.58333333333333,69.33333333333333,63.0,71.33333333333333,8.333333333333329,true
40,1.7355024e+18,ConI,control,SMS15,SMS16,1.8333333333333333,5.333333333333333,3.5,2.5,12.083333333333334,9.583333333333334,true
41,1.7417259e+18,ConI,control,SMS15,SMS16,0.4166666666666667,NaN,NaN,3.0,0.0,-3.0,false
42,1.7474355e+18,ConI,control,SMS15,SMS16,0.25,NaN,NaN,18.416666666666668,0.25,-18.166666666666668,false
43,1.7474958e+18,ConI,control,SMS15,SMS16,0.5,NaN,NaN,1.6666666666666667,0.0,-1.6666666666666667,false
44,1.7475318e+18,ConI,control,SMS15,SMS16,0.4166666666666667,NaN,NaN,0.9166666666666666,0.0,-0.9166666666666666,false
45,1.7496783e+18,ConI,control,SMS15,SMS16,0.75,28.916666666666668,28.166666666666668,2.5833333333333335,28.916666666666668,26.333333333333336,true
46,1.7506251e+18,ConI,control,SMS15,SMS16,44.25,NaN,NaN,44.25,0.75,-43.5,false
47,1.7531298e+18,ConI,control,SMS15,SMS16,0.5833333333333334,NaN,NaN,19.75,0.0,-19.75,false
48,1.7540874e+18,ConI,control,SMS15,SMS16,0.75,NaN,NaN,44.25,0.08333333333333333,-44.166666666666664,false
49,1.7542404e+18,ConI,control,SMS15,SMS16,1.0833333333333333,30.416666666666668,29.333333333333336,1.75,33.5,31.75,true
50,1.7543367e+18,ConI,control,SMS15,SMS16,1.25,3.6666666666666665,2.4166666666666665,1.5833333333333333,6.75,5.166666666666667,true
51,1.7554563e+18,ConI,control,SMS15,SMS16,3.5,NaN,NaN,70.08333333333333,4.166666666666667,-65.91666666666666,false
52,1.7566785e+18,ConI,control,SMS15,SMS16,2.0,NaN,NaN,13.5,0.0,-13.5,false
53,1.7572914e+18,ConI,control,SMS15,SMS16,1.3333333333333333,NaN,NaN,2.5,0.0,-2.5,false
54,1.7576217e+18,ConI,control,SMS15,SMS16,32.166666666666664,34.583333333333336,2.4166666666666714,32.5,38.833333333333336,6.333333333333336,true
55,1.7577351e+18,ConI,control,SMS15,SMS16,0.5833333333333334,3.0,2.4166666666666665,1.0,7.333333333333333,6.333333333333333,true
56,1.7582472e+18,ConI,control,SMS15,SMS16,38.166666666666664,NaN,NaN,71.25,0.0,-71.25,false
57,1.7585001e+18,ConI,control,SMS15,SMS16,0.5833333333333334,4.166666666666667,3.5833333333333335,24.25,6.833333333333333,-17.416666666666668,true
58,1.7585838e+18,ConI,control,SMS15,SMS16,0.5,3.0833333333333335,2.5833333333333335,69.5,3.4166666666666665,-66.08333333333333,true
59,1.7588304e+18,ConI,control,SMS15,SMS16,0.5833333333333334,3.5,2.9166666666666665,48.666666666666664,6.166666666666667,-42.5,true
60,1.7590014e+18,ConI,control,SMS15,SMS16,0.5833333333333334,NaN,NaN,1.1666666666666667,6.75,5.583333333333333,false
61,1.7593677e+18,ConI,control,SMS15,SMS16,9.916666666666666,54.5,44.583333333333336,50.916666666666664,56.0,5.083333333333336,true
62,1.7595441e+18,ConI,control,SMS15,SMS16,0.6666666666666666,5.166666666666667,4.5,1.9166666666666667,7.0,5.083333333333333,true
63,1.7599257e+18,ConI,control,SMS15,SMS16,0.08333333333333333,NaN,NaN,3.3333333333333335,0.0,-3.3333333333333335,false
64,1.7603586e+18,ConI,control,SMS15,SMS16,0.5,18.0,17.5,11.25,18.0,6.75,true
65,1.7603955e+18,ConI,control,SMS15,SMS16,0.4166666666666667,7.75,7.333333333333333,1.0,7.75,6.75,true
66,1.7605098e+18,ConI,control,SMS15,SMS16,5.666666666666667,49.75,44.083333333333336,65.25,69.83333333333333,4.583333333333329,true
67,1.760571e+18,ConI,control,SMS15,SMS16,1.0833333333333333,32.583333333333336,31.500000000000004,59.166666666666664,52.833333333333336,-6.333333333333329,true
68,1.7606115e+18,ConI,control,SMS15,SMS16,1.8333333333333333,21.25,19.416666666666668,47.916666666666664,41.583333333333336,-6.333333333333329,true
69,1.7606736e+18,ConI,control,SMS15,SMS16,0.8333333333333334,4.25,3.4166666666666665,30.666666666666668,24.333333333333332,-6.333333333333336,true
70,1.7607393e+18,ConI,control,SMS15,SMS16,1.0833333333333333,4.0,2.916666666666667,12.416666666666666,6.083333333333333,-6.333333333333333,true
71,1.760841e+18,ConI,control,SMS15,SMS16,1.0,NaN,NaN,3.1666666666666665,4.25,1.0833333333333335,false
72,1.7609427e+18,ConI,control,SMS15,SMS16,24.583333333333332,31.75,7.166666666666668,38.416666666666664,31.75,-6.666666666666664,true
73,1.7610255e+18,ConI,control,SMS15,SMS16,1.3333333333333333,6.0,4.666666666666667,15.416666666666666,8.75,-6.666666666666666,true
74,1.7623863e+18,ConI,control,SMS15,SMS16,0.5,NaN,NaN,40.5,49.5,9.0,false
75,1.7625267e+18,ConI,control,SMS15,SMS16,0.75,NaN,NaN,1.5,10.5,9.0,false
76,1.7632917e+18,ConI,control,SMS15,SMS16,0.6666666666666666,18.5,17.833333333333332,53.416666666666664,19.833333333333332,-33.58333333333333,true
77,1.7633358e+18,ConI,control,SMS15,SMS16,0.75,6.166666666666667,5.416666666666667,41.166666666666664,7.583333333333333,-33.58333333333333,true
78,1.7633988e+18,ConI,control,SMS15,SMS16,NaN,NaN,NaN,23.666666666666668,0.0,-23.666666666666668,false
79,1.7634321e+18,ConI,control,SMS15,SMS16,NaN,NaN,NaN,14.416666666666666,1.0833333333333333,-13.333333333333332,false
80,1.7637624e+18,ConI,control,SMS15,SMS16,1.6666666666666667,22.666666666666668,21.0,46.166666666666664,57.583333333333336,11.416666666666671,true
81,1.7638281e+18,ConI,control,SMS15,SMS16,11.25,13.25,2.0,27.916666666666668,39.333333333333336,11.416666666666668,true
82,1.7638641e+18,ConI,control,SMS15,SMS16,0.9166666666666666,3.6666666666666665,2.75,17.916666666666668,29.333333333333332,11.416666666666664,true
83,1.7639235e+18,ConI,control,SMS15,SMS16,1.1666666666666667,NaN,NaN,1.4166666666666667,12.833333333333334,11.416666666666668,false
84,1.7639622e+18,ConI,control,SMS15,SMS16,0.8333333333333334,NaN,NaN,7.75,2.0833333333333335,-5.666666666666666,false
85,1.764387e+18,ConI,control,SMS15,SMS16,1.8333333333333333,12.916666666666666,11.083333333333332,34.083333333333336,17.666666666666668,-16.416666666666668,true
86,1.7644239e+18,ConI,control,SMS15,SMS16,21.25,2.6666666666666665,-18.583333333333332,23.833333333333332,7.416666666666667,-16.416666666666664,true
87,1.7646543e+18,ConI,control,SMS15,SMS16,13.916666666666666,19.083333333333332,5.166666666666666,37.833333333333336,38.666666666666664,0.8333333333333286,true
88,1.7647029e+18,ConI,control,SMS15,SMS16,0.5833333333333334,5.583333333333333,5.0,24.333333333333332,25.166666666666668,0.8333333333333357,true
89,1.7647875e+18,ConI,control,SMS15,SMS16,NaN,NaN,NaN,0.8333333333333334,1.6666666666666667,0.8333333333333334,false
90,1.7648802e+18,ConI,control,SMS15,SMS16,1.5833333333333333,NaN,NaN,13.833333333333334,16.416666666666668,2.583333333333334,false
91,1.7649243e+18,ConI,control,SMS15,SMS16,0.8333333333333334,NaN,NaN,1.5833333333333333,4.166666666666667,2.583333333333334,false
92,1.7659152e+18,ConI,control,SMS15,SMS16,0.08333333333333333,NaN,NaN,0.6666666666666666,0.0,-0.6666666666666666,false
93,1.769319e+18,ConI,control,SMS15,SMS16,0.4166666666666667,4.916666666666667,4.5,13.916666666666666,18.0,4.083333333333334,true
0,1.7175024e+18,SwB,swale,SMS01,SMS02,1.75,NaN,NaN,6.5,18.416666666666668,11.916666666666668,false
1,1.7177103e+18,SwB,swale,SMS01,SMS02,40.416666666666664,NaN,NaN,68.5,0.0,-68.5,false
2,1.7190819e+18,SwB,swale,SMS01,SMS02,22.5,NaN,NaN,71.41666666666667,6.75,-64.66666666666667,false
3,1.7191647e+18,SwB,swale,SMS01,SMS02,22.583333333333332,NaN,NaN,48.416666666666664,8.333333333333334,-40.08333333333333,false
4,1.7202123e+18,SwB,swale,SMS01,SMS02,1.9166666666666667,NaN,NaN,45.083333333333336,8.416666666666666,-36.66666666666667,false
5,1.7228331e+18,SwB,swale,SMS01,SMS02,34.583333333333336,NaN,NaN,72.0,0.0,-72.0,false
6,1.7229834e+18,SwB,swale,SMS01,SMS02,6.916666666666667,67.75,60.833333333333336,72.0,72.0,0.0,true
7,1.723077e+18,SwB,swale,SMS01,SMS02,4.0,41.5,37.5,46.166666666666664,71.66666666666667,25.500000000000007,true
8,1.7231418e+18,SwB,swale,SMS01,SMS02,1.9166666666666667,22.916666666666668,21.0,28.166666666666668,62.25,34.08333333333333,true
9,1.7232363e+18,SwB,swale,SMS01,SMS02,1.4166666666666667,0.9166666666666666,-0.5000000000000001,1.9166666666666667,60.333333333333336,58.41666666666667,true
10,1.7233407e+18,SwB,swale,SMS01,SMS02,0.8333333333333334,NaN,NaN,1.5833333333333333,47.5,45.916666666666664,false
11,1.7253117e+18,SwB,swale,SMS01,SMS02,19.333333333333332,NaN,NaN,68.33333333333333,29.083333333333332,-39.25,false
12,1.7255781e+18,SwB,swale,SMS01,SMS02,8.833333333333334,9.75,0.9166666666666661,65.58333333333333,29.25,-36.33333333333333,true
13,1.7279928e+18,SwB,swale,SMS01,SMS02,NaN,NaN,NaN,19.333333333333332,4.333333333333333,-15.0,false
14,1.728558e+18,SwB,swale,SMS01,SMS02,3.5833333333333335,59.166666666666664,55.58333333333333,71.91666666666667,71.91666666666667,0.0,true
15,1.7286273e+18,SwB,swale,SMS01,SMS02,5.0,39.916666666666664,34.916666666666664,57.75,67.83333333333333,10.083333333333329,true
16,1.7287227e+18,SwB,swale,SMS01,SMS02,5.166666666666667,33.333333333333336,28.166666666666668,61.0,64.16666666666667,3.1666666666666714,true
17,1.7287812e+18,SwB,swale,SMS01,SMS02,9.666666666666666,32.5,22.833333333333336,64.75,64.16666666666667,-0.5833333333333286,true
18,1.728882e+18,SwB,swale,SMS01,SMS02,2.0833333333333335,14.333333333333334,12.25,36.75,36.166666666666664,-0.5833333333333357,true
19,1.728927e+18,SwB,swale,SMS01,SMS02,1.5833333333333333,4.916666666666667,3.333333333333334,24.25,23.666666666666668,-0.5833333333333321,true
20,1.7289927e+18,SwB,swale,SMS01,SMS02,1.3333333333333333,NaN,NaN,6.0,5.416666666666667,-0.583333333333333,false
21,1.7293176e+18,SwB,swale,SMS01,SMS02,2.25,NaN,NaN,11.083333333333334,18.75,7.666666666666666,false
22,1.7303526e+18,SwB,swale,SMS01,SMS02,0.3333333333333333,NaN,NaN,59.333333333333336,70.41666666666667,11.083333333333336,false
23,1.7304471e+18,SwB,swale,SMS01,SMS02,3.1666666666666665,NaN,NaN,33.083333333333336,67.16666666666667,34.083333333333336,false
24,1.7305146e+18,SwB,swale,SMS01,SMS02,11.166666666666666,NaN,NaN,14.333333333333334,48.416666666666664,34.08333333333333,false
25,1.7305929e+18,SwB,swale,SMS01,SMS02,16.75,NaN,NaN,16.75,26.666666666666668,9.916666666666668,false
26,1.7314542e+18,SwB,swale,SMS01,SMS02,1.8333333333333333,7.166666666666667,5.333333333333334,52.75,11.833333333333334,-40.916666666666664,true
27,1.7315361e+18,SwB,swale,SMS01,SMS02,4.083333333333333,NaN,NaN,30.0,36.083333333333336,6.083333333333336,false
28,1.7315775e+18,SwB,swale,SMS01,SMS02,15.333333333333334,NaN,NaN,18.5,70.83333333333333,52.33333333333333,false
29,1.7316243e+18,SwB,swale,SMS01,SMS02,2.1666666666666665,NaN,NaN,5.5,59.333333333333336,53.833333333333336,false
30,1.7316954e+18,SwB,swale,SMS01,SMS02,NaN,NaN,NaN,0.9166666666666666,39.583333333333336,38.66666666666667,false
31,1.7318088e+18,SwB,swale,SMS01,SMS02,NaN,NaN,NaN,4.083333333333333,8.083333333333334,4.000000000000001,false
32,1.7326116e+18,SwB,swale,SMS01,SMS02,0.08333333333333333,10.416666666666666,10.333333333333332,21.0,14.583333333333334,-6.416666666666666,true
33,1.7329545e+18,SwB,swale,SMS01,SMS02,1.9166666666666667,NaN,NaN,32.916666666666664,6.0,-26.916666666666664,false
34,1.7339076e+18,SwB,swale,SMS01,SMS02,3.0833333333333335,12.75,9.666666666666666,34.583333333333336,55.333333333333336,20.75,true
35,1.7339751e+18,SwB,swale,SMS01,SMS02,0.4166666666666667,NaN,NaN,15.833333333333334,36.583333333333336,20.75,false
36,1.7340084e+18,SwB,swale,SMS01,SMS02,0.5833333333333334,NaN,NaN,6.583333333333333,27.333333333333332,20.75,false
37,1.7340723e+18,SwB,swale,SMS01,SMS02,NaN,NaN,NaN,8.75,9.583333333333334,0.8333333333333339,false
38,1.7340993e+18,SwB,swale,SMS01,SMS02,1.1666666666666667,NaN,NaN,1.25,2.0833333333333335,0.8333333333333335,false
39,1.7352846e+18,SwB,swale,SMS01,SMS02,5.25,NaN,NaN,70.33333333333333,71.91666666666667,1.5833333333333428,false
40,1.7355024e+18,SwB,swale,SMS01,SMS02,2.5,NaN,NaN,20.25,29.083333333333332,8.833333333333332,false
41,1.7417259e+18,SwB,swale,SMS01,SMS02,17.833333333333332,NaN,NaN,68.0,0.0,-68.0,false
42,1.7474355e+18,SwB,swale,SMS01,SMS02,NaN,NaN,NaN,0.0,50.166666666666664,50.166666666666664,false
43,1.7474958e+18,SwB,swale,SMS01,SMS02,NaN,NaN,NaN,25.166666666666668,33.416666666666664,8.249999999999996,false
44,1.7475318e+18,SwB,swale,SMS01,SMS02,12.666666666666666,68.66666666666667,56.00000000000001,62.25,71.33333333333333,9.083333333333329,true
45,1.7496783e+18,SwB,swale,SMS01,SMS02,17.833333333333332,32.75,14.916666666666668,67.0,70.08333333333333,3.0833333333333286,true
46,1.7506251e+18,SwB,swale,SMS01,SMS02,NaN,NaN,NaN,0.0,5.833333333333333,5.833333333333333,false
47,1.7531298e+18,SwB,swale,SMS01,SMS02,NaN,NaN,NaN,19.416666666666668,1.25,-18.166666666666668,false
48,1.7540874e+18,SwB,swale,SMS01,SMS02,18.333333333333332,NaN,NaN,66.5,0.0,-66.5,false
49,1.7542404e+18,SwB,swale,SMS01,SMS02,15.583333333333334,33.916666666666664,18.33333333333333,71.08333333333333,60.0,-11.083333333333329,true
50,1.7543367e+18,SwB,swale,SMS01,SMS02,4.5,7.166666666666667,2.666666666666667,44.333333333333336,57.083333333333336,12.75,true
51,1.7554563e+18,SwB,swale,SMS01,SMS02,67.33333333333333,NaN,NaN,69.41666666666667,72.0,2.5833333333333286,false
52,1.7566785e+18,SwB,swale,SMS01,SMS02,43.0,44.833333333333336,1.8333333333333357,66.41666666666667,53.666666666666664,-12.750000000000007,true
53,1.7572914e+18,SwB,swale,SMS01,SMS02,16.75,28.75,12.0,64.66666666666667,28.75,-35.91666666666667,true
54,1.7576217e+18,SwB,swale,SMS01,SMS02,43.5,NaN,NaN,67.58333333333333,55.75,-11.833333333333329,false
55,1.7577351e+18,SwB,swale,SMS01,SMS02,6.083333333333333,19.083333333333332,13.0,36.083333333333336,24.25,-11.833333333333336,true
56,1.7582472e+18,SwB,swale,SMS01,SMS02,NaN,NaN,NaN,12.583333333333334,0.0,-12.583333333333334,false
57,1.7585001e+18,SwB,swale,SMS01,SMS02,3.8333333333333335,11.666666666666666,7.833333333333332,5.833333333333333,32.0,26.166666666666668,true
58,1.7585838e+18,SwB,swale,SMS01,SMS02,NaN,NaN,NaN,15.333333333333334,8.75,-6.583333333333334,false
59,1.7588304e+18,SwB,swale,SMS01,SMS02,5.833333333333333,NaN,NaN,18.833333333333332,27.666666666666668,8.833333333333336,false
60,1.7590014e+18,SwB,swale,SMS01,SMS02,NaN,NaN,NaN,0.0,4.25,4.25,false
61,1.7593677e+18,SwB,swale,SMS01,SMS02,10.75,NaN,NaN,53.416666666666664,56.833333333333336,3.4166666666666714,false
62,1.7595441e+18,SwB,swale,SMS01,SMS02,2.6666666666666665,NaN,NaN,4.416666666666667,7.833333333333333,3.416666666666666,false
63,1.7599257e+18,SwB,swale,SMS01,SMS02,4.333333333333333,NaN,NaN,27.833333333333332,0.25,-27.583333333333332,false
64,1.7603586e+18,SwB,swale,SMS01,SMS02,3.4166666666666665,NaN,NaN,27.333333333333332,64.0,36.66666666666667,false
65,1.7603955e+18,SwB,swale,SMS01,SMS02,2.9166666666666665,69.41666666666667,66.5,64.25,69.41666666666667,5.166666666666671,true
66,1.7605098e+18,SwB,swale,SMS01,SMS02,6.416666666666667,70.5,64.08333333333333,69.08333333333333,70.5,1.4166666666666714,true
67,1.760571e+18,SwB,swale,SMS01,SMS02,12.833333333333334,57.083333333333336,44.25,64.91666666666667,58.333333333333336,-6.583333333333336,true
68,1.7606115e+18,SwB,swale,SMS01,SMS02,2.25,47.083333333333336,44.833333333333336,53.666666666666664,63.25,9.583333333333336,true
69,1.7606736e+18,SwB,swale,SMS01,SMS02,2.9166666666666665,46.0,43.083333333333336,36.416666666666664,46.0,9.583333333333336,true
70,1.7607393e+18,SwB,swale,SMS01,SMS02,9.333333333333334,NaN,NaN,18.166666666666668,27.75,9.583333333333332,false
71,1.760841e+18,SwB,swale,SMS01,SMS02,11.583333333333334,NaN,NaN,69.83333333333333,66.58333333333333,-3.25,false
72,1.7609427e+18,SwB,swale,SMS01,SMS02,27.083333333333332,NaN,NaN,41.583333333333336,38.333333333333336,-3.25,false
73,1.7610255e+18,SwB,swale,SMS01,SMS02,2.0833333333333335,15.333333333333334,13.25,18.583333333333332,15.333333333333334,-3.2499999999999982,true
74,1.7623863e+18,SwB,swale,SMS01,SMS02,4.666666666666667,70.66666666666667,66.0,41.583333333333336,70.66666666666667,29.083333333333336,true
75,1.7625267e+18,SwB,swale,SMS01,SMS02,1.6666666666666667,NaN,NaN,2.5833333333333335,31.666666666666668,29.083333333333336,false
76,1.7632917e+18,SwB,swale,SMS01,SMS02,1.9166666666666667,17.916666666666668,16.0,44.583333333333336,19.833333333333332,-24.750000000000004,true
77,1.7633358e+18,SwB,swale,SMS01,SMS02,3.0,5.916666666666667,2.916666666666667,32.333333333333336,7.583333333333333,-24.750000000000004,true
78,1.7633988e+18,SwB,swale,SMS01,SMS02,12.916666666666666,NaN,NaN,14.833333333333334,10.5,-4.333333333333334,false
79,1.7634321e+18,SwB,swale,SMS01,SMS02,3.75,NaN,NaN,5.583333333333333,1.25,-4.333333333333333,false
80,1.7637624e+18,SwB,swale,SMS01,SMS02,13.5,35.083333333333336,21.583333333333336,34.25,35.083333333333336,0.8333333333333357,true
81,1.7638281e+18,SwB,swale,SMS01,SMS02,16.0,NaN,NaN,16.0,16.833333333333332,0.8333333333333321,false
82,1.7638641e+18,SwB,swale,SMS01,SMS02,1.75,NaN,NaN,6.0,6.833333333333333,0.833333333333333,false
83,1.7639235e+18,SwB,swale,SMS01,SMS02,NaN,NaN,NaN,1.1666666666666667,0.6666666666666666,-0.5000000000000001,false
84,1.7639622e+18,SwB,swale,SMS01,SMS02,NaN,NaN,NaN,5.666666666666667,0.0,-5.666666666666667,false
85,1.764387e+18,SwB,swale,SMS01,SMS02,2.9166666666666665,14.5,11.583333333333334,21.25,15.0,-6.25,true
86,1.7644239e+18,SwB,swale,SMS01,SMS02,1.1666666666666667,4.75,3.583333333333333,11.0,4.75,-6.25,true
87,1.7646543e+18,SwB,swale,SMS01,SMS02,17.166666666666668,NaN,NaN,39.583333333333336,20.166666666666668,-19.416666666666668,false
88,1.7647029e+18,SwB,swale,SMS01,SMS02,4.333333333333333,NaN,NaN,26.083333333333332,6.666666666666667,-19.416666666666664,false
89,1.7647875e+18,SwB,swale,SMS01,SMS02,1.9166666666666667,NaN,NaN,2.5833333333333335,3.0,0.4166666666666665,false
90,1.7648802e+18,SwB,swale,SMS01,SMS02,NaN,NaN,NaN,17.083333333333332,2.8333333333333335,-14.249999999999998,false
91,1.7649243e+18,SwB,swale,SMS01,SMS02,NaN,NaN,NaN,4.833333333333333,0.16666666666666666,-4.666666666666666,false
92,1.7659152e+18,SwB,swale,SMS01,SMS02,16.166666666666668,NaN,NaN,20.75,21.75,1.0,false
93,1.769319e+18,SwB,swale,SMS01,SMS02,3.0833333333333335,6.25,3.1666666666666665,14.333333333333334,15.166666666666666,0.8333333333333321,true
0,1.7175024e+18,SwD,swale,SMS04,SMS05,NaN,NaN,NaN,64.0,60.75,-3.25,false
1,1.7177103e+18,SwD,swale,SMS04,SMS05,51.0,NaN,NaN,71.83333333333333,3.0,-68.83333333333333,false
2,1.7190819e+18,SwD,swale,SMS04,SMS05,8.333333333333334,24.583333333333332,16.25,26.416666666666668,28.666666666666668,2.25,true
3,1.7191647e+18,SwD,swale,SMS04,SMS05,0.5,2.0,1.5,3.4166666666666665,5.666666666666667,2.2500000000000004,true
4,1.7202123e+18,SwD,swale,SMS04,SMS05,2.4166666666666665,3.75,1.3333333333333335,11.416666666666666,17.75,6.333333333333334,true
5,1.7228331e+18,SwD,swale,SMS04,SMS05,49.916666666666664,68.5,18.583333333333336,69.33333333333333,71.83333333333333,2.5,true
6,1.7229834e+18,SwD,swale,SMS04,SMS05,7.666666666666667,26.75,19.083333333333332,27.583333333333332,71.91666666666667,44.33333333333334,true
7,1.723077e+18,SwD,swale,SMS04,SMS05,0.5833333333333334,0.75,0.16666666666666663,1.5833333333333333,70.5,68.91666666666667,true
8,1.7231418e+18,SwD,swale,SMS04,SMS05,0.5833333333333334,NaN,NaN,60.666666666666664,66.66666666666667,6.000000000000007,false
9,1.7232363e+18,SwD,swale,SMS04,SMS05,0.5833333333333334,NaN,NaN,34.416666666666664,40.416666666666664,6.0,false
10,1.7233407e+18,SwD,swale,SMS04,SMS05,NaN,NaN,NaN,5.416666666666667,11.416666666666666,5.999999999999999,false
11,1.7253117e+18,SwD,swale,SMS04,SMS05,NaN,9.833333333333334,NaN,28.75,72.0,43.25,true
12,1.7255781e+18,SwD,swale,SMS04,SMS05,0.6666666666666666,1.5,0.8333333333333334,24.333333333333332,32.916666666666664,8.583333333333332,true
13,1.7279928e+18,SwD,swale,SMS04,SMS05,0.4166666666666667,0.5833333333333334,0.16666666666666669,7.583333333333333,9.083333333333334,1.5000000000000009,true
14,1.728558e+18,SwD,swale,SMS04,SMS05,11.25,21.416666666666668,10.166666666666668,70.33333333333333,71.66666666666667,1.3333333333333428,true
15,1.7286273e+18,SwD,swale,SMS04,SMS05,NaN,NaN,NaN,51.083333333333336,58.666666666666664,7.583333333333329,false
16,1.7287227e+18,SwD,swale,SMS04,SMS05,53.916666666666664,59.5,5.583333333333336,62.083333333333336,69.83333333333333,7.749999999999993,true
17,1.7287812e+18,SwD,swale,SMS04,SMS05,43.25,43.333333333333336,0.0833333333333357,45.833333333333336,57.166666666666664,11.333333333333329,true
18,1.728882e+18,SwD,swale,SMS04,SMS05,15.416666666666666,15.5,0.08333333333333393,17.833333333333332,29.166666666666668,11.333333333333336,true
19,1.728927e+18,SwD,swale,SMS04,SMS05,3.3333333333333335,3.25,-0.08333333333333348,5.333333333333333,16.666666666666668,11.333333333333336,true
20,1.7289927e+18,SwD,swale,SMS04,SMS05,0.6666666666666666,NaN,NaN,9.083333333333334,4.166666666666667,-4.916666666666667,false
21,1.7293176e+18,SwD,swale,SMS04,SMS05,0.5833333333333334,0.9166666666666666,0.33333333333333326,1.4166666666666667,9.25,7.833333333333333,true
22,1.7303526e+18,SwD,swale,SMS04,SMS05,NaN,NaN,NaN,71.75,0.3333333333333333,-71.41666666666667,false
23,1.7304471e+18,SwD,swale,SMS04,SMS05,47.083333333333336,NaN,NaN,71.5,71.25,-0.25,false
24,1.7305146e+18,SwD,swale,SMS04,SMS05,46.833333333333336,NaN,NaN,70.0,70.83333333333333,0.8333333333333286,false
25,1.7305929e+18,SwD,swale,SMS04,SMS05,NaN,NaN,NaN,51.166666666666664,55.666666666666664,4.5,false
26,1.7314542e+18,SwD,swale,SMS04,SMS05,5.75,5.833333333333333,0.08333333333333304,71.25,61.833333333333336,-9.416666666666664,true
27,1.7315361e+18,SwD,swale,SMS04,SMS05,38.416666666666664,NaN,NaN,50.083333333333336,60.166666666666664,10.083333333333329,false
28,1.7315775e+18,SwD,swale,SMS04,SMS05,36.75,NaN,NaN,71.16666666666667,71.25,0.0833333333333286,false
29,1.7316243e+18,SwD,swale,SMS04,SMS05,51.75,NaN,NaN,58.166666666666664,58.25,0.0833333333333357,false
30,1.7316954e+18,SwD,swale,SMS04,SMS05,NaN,NaN,NaN,38.416666666666664,38.5,0.0833333333333357,false
31,1.7318088e+18,SwD,swale,SMS04,SMS05,0.4166666666666667,NaN,NaN,6.916666666666667,7.0,0.08333333333333304,false
32,1.7326116e+18,SwD,swale,SMS04,SMS05,10.166666666666666,12.75,2.583333333333334,21.916666666666668,20.5,-1.4166666666666679,true
33,1.7329545e+18,SwD,swale,SMS04,SMS05,3.0833333333333335,3.4166666666666665,0.33333333333333304,6.083333333333333,16.916666666666668,10.833333333333336,true
34,1.7339076e+18,SwD,swale,SMS04,SMS05,19.416666666666668,20.0,0.5833333333333321,68.5,72.0,3.5,true
35,1.7339751e+18,SwD,swale,SMS04,SMS05,0.6666666666666666,1.25,0.5833333333333334,49.75,53.666666666666664,3.9166666666666643,true
36,1.7340084e+18,SwD,swale,SMS04,SMS05,38.5,NaN,NaN,40.5,44.416666666666664,3.9166666666666643,false
37,1.7340723e+18,SwD,swale,SMS04,SMS05,NaN,NaN,NaN,22.75,26.666666666666668,3.916666666666668,false
38,1.7340993e+18,SwD,swale,SMS04,SMS05,NaN,NaN,NaN,15.25,19.166666666666668,3.916666666666668,false
39,1.7352846e+18,SwD,swale,SMS04,SMS05,NaN,NaN,NaN,0.0,1.1666666666666667,1.1666666666666667,false
40,1.7355024e+18,SwD,swale,SMS04,SMS05,NaN,NaN,NaN,9.833333333333334,0.9166666666666666,-8.916666666666668,false
41,1.7417259e+18,SwD,swale,SMS04,SMS05,NaN,NaN,NaN,56.5,11.5,-45.0,false
42,1.7474355e+18,SwD,swale,SMS04,SMS05,17.5,18.416666666666668,0.9166666666666679,20.0,54.25,34.25,true
43,1.7474958e+18,SwD,swale,SMS04,SMS05,0.75,1.6666666666666667,0.9166666666666667,3.25,37.5,34.25,true
44,1.7475318e+18,SwD,swale,SMS04,SMS05,NaN,NaN,NaN,18.0,27.5,9.5,false
45,1.7496783e+18,SwD,swale,SMS04,SMS05,1.0833333333333333,1.9166666666666667,0.8333333333333335,21.083333333333332,30.75,9.666666666666668,true
46,1.7506251e+18,SwD,swale,SMS04,SMS05,NaN,52.25,NaN,60.083333333333336,60.916666666666664,0.8333333333333286,true
47,1.7531298e+18,SwD,swale,SMS04,SMS05,NaN,NaN,NaN,8.5,1.0,-7.5,false
48,1.7540874e+18,SwD,swale,SMS04,SMS05,21.083333333333332,44.166666666666664,23.083333333333332,71.41666666666667,71.58333333333333,0.1666666666666572,true
49,1.7542404e+18,SwD,swale,SMS04,SMS05,1.0,1.6666666666666667,0.6666666666666667,31.166666666666668,61.75,30.583333333333332,true
50,1.7543367e+18,SwD,swale,SMS04,SMS05,1.3333333333333333,NaN,NaN,4.416666666666667,35.0,30.583333333333332,false
51,1.7554563e+18,SwD,swale,SMS04,SMS05,NaN,NaN,NaN,8.166666666666666,0.5,-7.666666666666666,false
52,1.7566785e+18,SwD,swale,SMS04,SMS05,2.3333333333333335,4.5,2.1666666666666665,9.083333333333334,25.583333333333332,16.5,true
53,1.7572914e+18,SwD,swale,SMS04,SMS05,0.5833333333333334,1.0833333333333333,0.4999999999999999,20.333333333333332,25.583333333333332,5.25,true
54,1.7576217e+18,SwD,swale,SMS04,SMS05,32.333333333333336,32.583333333333336,0.25,38.5,38.75,0.25,true
55,1.7577351e+18,SwD,swale,SMS04,SMS05,0.75,1.0,0.25,7.0,7.25,0.25,true
56,1.7582472e+18,SwD,swale,SMS04,SMS05,NaN,NaN,NaN,0.3333333333333333,0.25,-0.08333333333333331,false
57,1.7585001e+18,SwD,swale,SMS04,SMS05,9.5,5.0,-4.5,46.583333333333336,35.333333333333336,-11.25,true
58,1.7585838e+18,SwD,swale,SMS04,SMS05,10.333333333333334,7.5,-2.833333333333334,71.16666666666667,71.83333333333333,0.6666666666666572,true
59,1.7588304e+18,SwD,swale,SMS04,SMS05,0.5833333333333334,0.8333333333333334,0.25,2.6666666666666665,71.91666666666667,69.25,true
60,1.7590014e+18,SwD,swale,SMS04,SMS05,3.75,1.5,-2.25,12.75,26.333333333333332,13.583333333333332,true
61,1.7593677e+18,SwD,swale,SMS04,SMS05,NaN,60.916666666666664,NaN,72.0,72.0,0.0,true
62,1.7595441e+18,SwD,swale,SMS04,SMS05,19.0,9.583333333333334,-9.416666666666666,29.416666666666668,27.416666666666668,-2.0,true
63,1.7599257e+18,SwD,swale,SMS04,SMS05,NaN,NaN,NaN,0.5,16.5,16.0,false
64,1.7603586e+18,SwD,swale,SMS04,SMS05,9.666666666666666,2.5833333333333335,-7.083333333333332,14.833333333333334,33.416666666666664,18.58333333333333,true
65,1.7603955e+18,SwD,swale,SMS04,SMS05,0.16666666666666666,NaN,NaN,4.583333333333333,23.166666666666668,18.583333333333336,false
66,1.7605098e+18,SwD,swale,SMS04,SMS05,48.25,NaN,NaN,72.0,71.41666666666667,-0.5833333333333286,false
67,1.760571e+18,SwD,swale,SMS04,SMS05,30.583333333333332,29.833333333333332,-0.75,65.91666666666667,66.66666666666667,0.75,true
68,1.7606115e+18,SwD,swale,SMS04,SMS05,19.083333333333332,18.583333333333332,-0.5,54.666666666666664,55.416666666666664,0.75,true
69,1.7606736e+18,SwD,swale,SMS04,SMS05,1.6666666666666667,1.25,-0.41666666666666674,37.416666666666664,38.166666666666664,0.75,true
70,1.7607393e+18,SwD,swale,SMS04,SMS05,2.4166666666666665,NaN,NaN,19.166666666666668,19.916666666666668,0.75,false
71,1.760841e+18,SwD,swale,SMS04,SMS05,NaN,NaN,NaN,68.25,71.33333333333333,3.0833333333333286,false
72,1.7609427e+18,SwD,swale,SMS04,SMS05,29.75,NaN,NaN,40.0,43.083333333333336,3.0833333333333357,false
73,1.7610255e+18,SwD,swale,SMS04,SMS05,6.583333333333333,6.333333333333333,-0.25,17.0,20.083333333333332,3.083333333333332,true
74,1.7623863e+18,SwD,swale,SMS04,SMS05,39.916666666666664,41.916666666666664,2.0,46.166666666666664,56.416666666666664,10.25,true
75,1.7625267e+18,SwD,swale,SMS04,SMS05,0.8333333333333334,2.8333333333333335,2.0,7.166666666666667,17.416666666666668,10.25,true
76,1.7632917e+18,SwD,swale,SMS04,SMS05,17.5,18.083333333333332,0.5833333333333321,68.91666666666667,68.66666666666667,-0.25,true
77,1.7633358e+18,SwD,swale,SMS04,SMS05,5.25,5.833333333333333,0.583333333333333,71.16666666666667,56.416666666666664,-14.750000000000007,true
78,1.7633988e+18,SwD,swale,SMS04,SMS05,NaN,NaN,NaN,58.166666666666664,38.916666666666664,-19.25,false
79,1.7634321e+18,SwD,swale,SMS04,SMS05,NaN,NaN,NaN,48.916666666666664,29.666666666666668,-19.249999999999996,false
80,1.7637624e+18,SwD,swale,SMS04,SMS05,30.5,29.583333333333332,-0.9166666666666679,59.916666666666664,71.5,11.583333333333336,true
81,1.7638281e+18,SwD,swale,SMS04,SMS05,12.166666666666666,11.333333333333334,-0.8333333333333321,41.666666666666664,53.25,11.583333333333336,true
82,1.7638641e+18,SwD,swale,SMS04,SMS05,2.1666666666666665,1.3333333333333333,-0.8333333333333333,31.666666666666668,43.25,11.583333333333332,true
83,1.7639235e+18,SwD,swale,SMS04,SMS05,NaN,NaN,NaN,15.166666666666666,26.75,11.583333333333334,false
84,1.7639622e+18,SwD,swale,SMS04,SMS05,NaN,NaN,NaN,4.416666666666667,16.0,11.583333333333332,false
85,1.764387e+18,SwD,swale,SMS04,SMS05,13.083333333333334,13.083333333333334,0.0,29.416666666666668,42.833333333333336,13.416666666666668,true
86,1.7644239e+18,SwD,swale,SMS04,SMS05,2.8333333333333335,2.75,-0.08333333333333348,19.166666666666668,32.583333333333336,13.416666666666668,true
87,1.7646543e+18,SwD,swale,SMS04,SMS05,39.5,40.416666666666664,0.9166666666666643,55.333333333333336,68.75,13.416666666666664,true
88,1.7647029e+18,SwD,swale,SMS04,SMS05,25.833333333333332,26.0,0.16666666666666785,41.833333333333336,55.25,13.416666666666664,true
89,1.7647875e+18,SwD,swale,SMS04,SMS05,2.3333333333333335,2.5,0.16666666666666652,18.333333333333332,31.75,13.416666666666668,true
90,1.7648802e+18,SwD,swale,SMS04,SMS05,NaN,NaN,NaN,2.4166666666666665,6.0,3.5833333333333335,false
91,1.7649243e+18,SwD,swale,SMS04,SMS05,NaN,NaN,NaN,0.0,3.3333333333333335,3.3333333333333335,false
92,1.7659152e+18,SwD,swale,SMS04,SMS05,NaN,NaN,NaN,2.8333333333333335,0.75,-2.0833333333333335,false
93,1.769319e+18,SwD,swale,SMS04,SMS05,NaN,NaN,NaN,71.75,10.333333333333334,-61.416666666666664,false
0,1.7175024e+18,SwE,swale,SMS06,SMS07,NaN,NaN,NaN,4.583333333333333,37.333333333333336,32.75,false
1,1.7177103e+18,SwE,swale,SMS06,SMS07,NaN,NaN,NaN,67.41666666666667,2.5833333333333335,-64.83333333333334,false
2,1.7190819e+18,SwE,swale,SMS06,SMS07,NaN,NaN,NaN,70.83333333333333,6.75,-64.08333333333333,false
3,1.7191647e+18,SwE,swale,SMS06,SMS07,NaN,NaN,NaN,71.75,7.583333333333333,-64.16666666666667,false
4,1.7202123e+18,SwE,swale,SMS06,SMS07,5.5,NaN,NaN,18.0,7.083333333333333,-10.916666666666668,false
5,1.7228331e+18,SwE,swale,SMS06,SMS07,43.916666666666664,NaN,NaN,72.0,0.3333333333333333,-71.66666666666667,false
6,1.7229834e+18,SwE,swale,SMS06,SMS07,2.4166666666666665,30.5,28.083333333333332,72.0,71.91666666666667,-0.0833333333333286,true
7,1.723077e+18,SwE,swale,SMS06,SMS07,0.6666666666666666,4.416666666666667,3.7500000000000004,56.666666666666664,48.833333333333336,-7.833333333333329,true
8,1.7231418e+18,SwE,swale,SMS06,SMS07,0.5,0.8333333333333334,0.33333333333333337,38.666666666666664,59.5,20.833333333333336,true
9,1.7232363e+18,SwE,swale,SMS06,SMS07,0.5,4.583333333333333,4.083333333333333,12.416666666666666,33.25,20.833333333333336,true
10,1.7233407e+18,SwE,swale,SMS06,SMS07,0.4166666666666667,NaN,NaN,5.25,4.25,-1.0,false
11,1.7253117e+18,SwE,swale,SMS06,SMS07,4.666666666666667,NaN,NaN,17.083333333333332,4.833333333333333,-12.25,false
12,1.7255781e+18,SwE,swale,SMS06,SMS07,0.8333333333333334,3.8333333333333335,3.0,10.166666666666666,12.5,2.333333333333334,true
13,1.7279928e+18,SwE,swale,SMS06,SMS07,21.416666666666668,NaN,NaN,64.66666666666667,3.4166666666666665,-61.25000000000001,false
14,1.728558e+18,SwE,swale,SMS06,SMS07,0.4166666666666667,NaN,NaN,64.41666666666667,71.33333333333333,6.916666666666657,false
15,1.7286273e+18,SwE,swale,SMS06,SMS07,0.16666666666666666,58.166666666666664,58.0,72.0,67.75,-4.25,true
16,1.7287227e+18,SwE,swale,SMS06,SMS07,0.0,47.333333333333336,47.333333333333336,61.333333333333336,61.5,0.1666666666666643,true
17,1.7287812e+18,SwE,swale,SMS06,SMS07,0.25,31.833333333333332,31.583333333333332,63.166666666666664,45.25,-17.916666666666664,true
18,1.728882e+18,SwE,swale,SMS06,SMS07,0.08333333333333333,6.833333333333333,6.75,35.166666666666664,17.25,-17.916666666666664,true
19,1.728927e+18,SwE,swale,SMS06,SMS07,0.6666666666666666,3.25,2.5833333333333335,22.666666666666668,4.75,-17.916666666666668,true
20,1.7289927e+18,SwE,swale,SMS06,SMS07,0.3333333333333333,NaN,NaN,4.416666666666667,2.1666666666666665,-2.2500000000000004,false
21,1.7293176e+18,SwE,swale,SMS06,SMS07,0.4166666666666667,1.8333333333333333,1.4166666666666665,1.8333333333333333,2.8333333333333335,1.0000000000000002,true
22,1.7303526e+18,SwE,swale,SMS06,SMS07,1.5833333333333333,NaN,NaN,46.833333333333336,71.08333333333333,24.249999999999993,false
23,1.7304471e+18,SwE,swale,SMS06,SMS07,0.5833333333333334,NaN,NaN,20.583333333333332,65.41666666666667,44.83333333333334,false
24,1.7305146e+18,SwE,swale,SMS06,SMS07,0.4166666666666667,NaN,NaN,1.8333333333333333,46.666666666666664,44.83333333333333,false
25,1.7305929e+18,SwE,swale,SMS06,SMS07,0.5833333333333334,NaN,NaN,3.5,24.916666666666668,21.416666666666668,false
26,1.7314542e+18,SwE,swale,SMS06,SMS07,0.8333333333333334,6.25,5.416666666666667,7.416666666666667,71.33333333333333,63.916666666666664,true
27,1.7315361e+18,SwE,swale,SMS06,SMS07,NaN,NaN,NaN,2.0,56.416666666666664,54.416666666666664,false
28,1.7315775e+18,SwE,swale,SMS06,SMS07,0.3333333333333333,NaN,NaN,21.166666666666668,67.83333333333333,46.66666666666666,false
29,1.7316243e+18,SwE,swale,SMS06,SMS07,0.4166666666666667,NaN,NaN,8.166666666666666,54.833333333333336,46.66666666666667,false
30,1.7316954e+18,SwE,swale,SMS06,SMS07,NaN,NaN,NaN,36.166666666666664,35.083333333333336,-1.0833333333333286,false
31,1.7318088e+18,SwE,swale,SMS06,SMS07,0.25,NaN,NaN,4.666666666666667,3.5833333333333335,-1.0833333333333335,false
32,1.7326116e+18,SwE,swale,SMS06,SMS07,0.5,11.75,11.25,27.666666666666668,17.916666666666668,-9.75,true
33,1.7329545e+18,SwE,swale,SMS06,SMS07,0.5833333333333334,NaN,NaN,39.416666666666664,5.166666666666667,-34.25,false
34,1.7339076e+18,SwE,swale,SMS06,SMS07,0.25,20.5,20.25,41.416666666666664,41.5,0.0833333333333357,true
35,1.7339751e+18,SwE,swale,SMS06,SMS07,0.3333333333333333,2.1666666666666665,1.8333333333333333,22.666666666666668,22.75,0.08333333333333215,true
36,1.7340084e+18,SwE,swale,SMS06,SMS07,0.6666666666666666,NaN,NaN,13.416666666666666,13.5,0.08333333333333393,false
37,1.7340723e+18,SwE,swale,SMS06,SMS07,NaN,NaN,NaN,0.5833333333333334,8.416666666666666,7.833333333333333,false
38,1.7340993e+18,SwE,swale,SMS06,SMS07,NaN,NaN,NaN,1.0,0.9166666666666666,-0.08333333333333337,false
39,1.7352846e+18,SwE,swale,SMS06,SMS07,2.1666666666666665,NaN,NaN,70.83333333333333,18.333333333333332,-52.5,false
40,1.7355024e+18,SwE,swale,SMS06,SMS07,0.3333333333333333,NaN,NaN,10.333333333333334,52.416666666666664,42.08333333333333,false
41,1.7417259e+18,SwE,swale,SMS06,SMS07,2.5833333333333335,NaN,NaN,18.583333333333332,2.0833333333333335,-16.5,false
42,1.7474355e+18,SwE,swale,SMS06,SMS07,13.5,20.75,7.25,35.333333333333336,56.416666666666664,21.08333333333333,true
43,1.7474958e+18,SwE,swale,SMS06,SMS07,0.75,3.5833333333333335,2.8333333333333335,18.583333333333332,39.666666666666664,21.083333333333332,true
44,1.7475318e+18,SwE,swale,SMS06,SMS07,0.25,0.4166666666666667,0.16666666666666669,8.583333333333334,29.666666666666668,21.083333333333336,true
45,1.7496783e+18,SwE,swale,SMS06,SMS07,0.5,4.166666666666667,3.666666666666667,13.416666666666666,31.0,17.583333333333336,true
46,1.7506251e+18,SwE,swale,SMS06,SMS07,0.4166666666666667,NaN,NaN,4.166666666666667,4.0,-0.16666666666666696,false
47,1.7531298e+18,SwE,swale,SMS06,SMS07,1.1666666666666667,NaN,NaN,15.833333333333334,5.166666666666667,-10.666666666666668,false
48,1.7540874e+18,SwE,swale,SMS06,SMS07,0.5,14.666666666666666,14.166666666666666,72.0,71.91666666666667,-0.0833333333333286,true
49,1.7542404e+18,SwE,swale,SMS06,SMS07,0.5833333333333334,2.1666666666666665,1.583333333333333,37.0,31.25,-5.75,true
50,1.7543367e+18,SwE,swale,SMS06,SMS07,0.5,1.3333333333333333,0.8333333333333333,10.25,4.5,-5.75,true
51,1.7554563e+18,SwE,swale,SMS06,SMS07,0.4166666666666667,NaN,NaN,2.4166666666666665,58.333333333333336,55.91666666666667,false
52,1.7566785e+18,SwE,swale,SMS06,SMS07,0.08333333333333333,9.166666666666666,9.083333333333332,2.1666666666666665,25.083333333333332,22.916666666666664,true
53,1.7572914e+18,SwE,swale,SMS06,SMS07,0.5833333333333334,2.5,1.9166666666666665,11.333333333333334,14.583333333333334,3.25,true
54,1.7576217e+18,SwE,swale,SMS06,SMS07,0.16666666666666666,33.666666666666664,33.5,33.166666666666664,49.583333333333336,16.41666666666667,true
55,1.7577351e+18,SwE,swale,SMS06,SMS07,0.4166666666666667,2.0833333333333335,1.6666666666666667,1.6666666666666667,18.083333333333332,16.416666666666664,true
56,1.7582472e+18,SwE,swale,SMS06,SMS07,0.0,NaN,NaN,72.0,0.3333333333333333,-71.66666666666667,false
57,1.7585001e+18,SwE,swale,SMS06,SMS07,0.8333333333333334,5.5,4.666666666666667,5.75,27.166666666666668,21.416666666666668,true
58,1.7585838e+18,SwE,swale,SMS06,SMS07,0.4166666666666667,NaN,NaN,72.0,71.66666666666667,-0.3333333333333286,false
59,1.7588304e+18,SwE,swale,SMS06,SMS07,0.5833333333333334,1.6666666666666667,1.0833333333333335,13.166666666666666,5.333333333333333,-7.833333333333333,true
60,1.7590014e+18,SwE,swale,SMS06,SMS07,0.4166666666666667,NaN,NaN,1.25,6.166666666666667,4.916666666666667,false
61,1.7593677e+18,SwE,swale,SMS06,SMS07,0.0,54.5,54.5,53.416666666666664,56.75,3.3333333333333357,true
62,1.7595441e+18,SwE,swale,SMS06,SMS07,0.0,5.166666666666667,5.166666666666667,4.416666666666667,7.75,3.333333333333333,true
63,1.7599257e+18,SwE,swale,SMS06,SMS07,0.4166666666666667,NaN,NaN,2.75,0.0,-2.75,false
64,1.7603586e+18,SwE,swale,SMS06,SMS07,1.4166666666666667,37.666666666666664,36.25,13.083333333333334,68.83333333333333,55.74999999999999,true
65,1.7603955e+18,SwE,swale,SMS06,SMS07,0.4166666666666667,26.25,25.833333333333332,2.8333333333333335,71.91666666666667,69.08333333333334,true
66,1.7605098e+18,SwE,swale,SMS06,SMS07,17.833333333333332,47.666666666666664,29.833333333333332,68.91666666666667,70.41666666666667,1.5,true
67,1.760571e+18,SwE,swale,SMS06,SMS07,0.6666666666666666,30.916666666666668,30.25,57.5,60.083333333333336,2.5833333333333357,true
68,1.7606115e+18,SwE,swale,SMS06,SMS07,17.75,20.0,2.25,46.25,48.833333333333336,2.5833333333333357,true
69,1.7606736e+18,SwE,swale,SMS06,SMS07,0.4166666666666667,3.0833333333333335,2.666666666666667,29.0,31.583333333333332,2.583333333333332,true
70,1.7607393e+18,SwE,swale,SMS06,SMS07,0.6666666666666666,NaN,NaN,10.75,13.333333333333334,2.583333333333334,false
71,1.760841e+18,SwE,swale,SMS06,SMS07,0.25,NaN,NaN,71.75,63.0,-8.75,false
72,1.7609427e+18,SwE,swale,SMS06,SMS07,0.4166666666666667,NaN,NaN,51.0,65.91666666666667,14.916666666666671,false
73,1.7610255e+18,SwE,swale,SMS06,SMS07,0.25,NaN,NaN,28.0,42.916666666666664,14.916666666666664,false
74,1.7623863e+18,SwE,swale,SMS06,SMS07,0.5833333333333334,42.0,41.416666666666664,40.25,54.333333333333336,14.083333333333336,true
75,1.7625267e+18,SwE,swale,SMS06,SMS07,0.4166666666666667,4.0,3.5833333333333335,1.25,15.333333333333334,14.083333333333334,true
76,1.7632917e+18,SwE,swale,SMS06,SMS07,0.5833333333333334,18.166666666666668,17.583333333333336,69.25,46.166666666666664,-23.083333333333336,true
77,1.7633358e+18,SwE,swale,SMS06,SMS07,1.3333333333333333,5.833333333333333,4.5,57.0,33.916666666666664,-23.083333333333336,true
78,1.7633988e+18,SwE,swale,SMS06,SMS07,0.3333333333333333,NaN,NaN,39.5,16.416666666666668,-23.083333333333332,false
79,1.7634321e+18,SwE,swale,SMS06,SMS07,0.5,NaN,NaN,30.25,7.166666666666667,-23.083333333333332,false
80,1.7637624e+18,SwE,swale,SMS06,SMS07,0.3333333333333333,29.333333333333332,29.0,59.25,59.25,0.0,true
81,1.7638281e+18,SwE,swale,SMS06,SMS07,0.3333333333333333,NaN,NaN,41.0,41.0,0.0,false
82,1.7638641e+18,SwE,swale,SMS06,SMS07,0.5,NaN,NaN,31.0,31.0,0.0,false
83,1.7639235e+18,SwE,swale,SMS06,SMS07,NaN,NaN,NaN,14.5,14.5,0.0,false
84,1.7639622e+18,SwE,swale,SMS06,SMS07,0.4166666666666667,NaN,NaN,3.75,3.75,0.0,false
85,1.764387e+18,SwE,swale,SMS06,SMS07,0.5,12.333333333333334,11.833333333333334,41.166666666666664,19.416666666666668,-21.749999999999996,true
86,1.7644239e+18,SwE,swale,SMS06,SMS07,0.4166666666666667,2.1666666666666665,1.7499999999999998,30.916666666666668,9.166666666666666,-21.75,true
87,1.7646543e+18,SwE,swale,SMS06,SMS07,13.833333333333334,NaN,NaN,39.583333333333336,41.583333333333336,2.0,false
88,1.7647029e+18,SwE,swale,SMS06,SMS07,0.25,NaN,NaN,26.083333333333332,28.083333333333332,2.0,false
89,1.7647875e+18,SwE,swale,SMS06,SMS07,0.5833333333333334,NaN,NaN,2.5833333333333335,4.583333333333333,1.9999999999999996,false
90,1.7648802e+18,SwE,swale,SMS06,SMS07,0.5833333333333334,NaN,NaN,14.0,14.5,0.5,false
91,1.7649243e+18,SwE,swale,SMS06,SMS07,0.5833333333333334,NaN,NaN,1.75,2.25,0.5,false
92,1.7659152e+18,SwE,swale,SMS06,SMS07,0.4166666666666667,NaN,NaN,4.166666666666667,29.833333333333332,25.666666666666664,false
93,1.769319e+18,SwE,swale,SMS06,SMS07,2.4166666666666665,17.166666666666668,14.750000000000002,14.166666666666666,49.833333333333336,35.66666666666667,true
0,1.7175024e+18,SwF,swale,SMS08,SMS09,NaN,NaN,NaN,70.83333333333333,36.166666666666664,-34.666666666666664,false
1,1.7177103e+18,SwF,swale,SMS08,SMS09,18.083333333333332,NaN,NaN,67.75,1.0,-66.75,false
2,1.7190819e+18,SwF,swale,SMS08,SMS09,NaN,NaN,NaN,70.33333333333333,5.5,-64.83333333333333,false
3,1.7191647e+18,SwF,swale,SMS08,SMS09,NaN,NaN,NaN,51.083333333333336,6.916666666666667,-44.16666666666667,false
4,1.7202123e+18,SwF,swale,SMS08,SMS09,0.9166666666666666,NaN,NaN,20.916666666666668,7.166666666666667,-13.75,false
5,1.7228331e+18,SwF,swale,SMS08,SMS09,51.25,NaN,NaN,72.0,0.5,-71.5,false
6,1.7229834e+18,SwF,swale,SMS08,SMS09,17.0,NaN,NaN,54.75,2.75,-52.0,false
7,1.723077e+18,SwF,swale,SMS08,SMS09,6.166666666666667,57.25,51.083333333333336,55.5,72.0,16.5,true
8,1.7231418e+18,SwF,swale,SMS08,SMS09,2.8333333333333335,39.083333333333336,36.25,61.0,72.0,11.0,true
9,1.7232363e+18,SwF,swale,SMS08,SMS09,2.1666666666666665,12.75,10.583333333333334,34.75,72.0,37.25,true
10,1.7233407e+18,SwF,swale,SMS08,SMS09,0.75,4.0,3.25,5.75,50.166666666666664,44.416666666666664,true
11,1.7253117e+18,SwF,swale,SMS08,SMS09,NaN,NaN,NaN,71.0,4.833333333333333,-66.16666666666667,false
12,1.7255781e+18,SwF,swale,SMS08,SMS09,4.75,NaN,NaN,12.666666666666666,4.416666666666667,-8.25,false
13,1.7279928e+18,SwF,swale,SMS08,SMS09,NaN,NaN,NaN,0.4166666666666667,5.25,4.833333333333333,false
14,1.728558e+18,SwF,swale,SMS08,SMS09,70.41666666666667,NaN,NaN,72.0,39.25,-32.75,false
15,1.7286273e+18,SwF,swale,SMS08,SMS09,53.083333333333336,NaN,NaN,72.0,20.0,-52.0,false
16,1.7287227e+18,SwF,swale,SMS08,SMS09,28.5,NaN,NaN,63.75,0.5,-63.25,false
17,1.7287812e+18,SwF,swale,SMS08,SMS09,13.25,NaN,NaN,68.0,25.333333333333332,-42.66666666666667,false
18,1.728882e+18,SwF,swale,SMS08,SMS09,2.4166666666666665,48.916666666666664,46.5,40.0,71.75,31.75,true
19,1.728927e+18,SwF,swale,SMS08,SMS09,0.5,36.0,35.5,27.5,71.91666666666667,44.41666666666667,true
20,1.7289927e+18,SwF,swale,SMS08,SMS09,0.75,17.083333333333332,16.333333333333332,9.25,70.75,61.5,true
21,1.7293176e+18,SwF,swale,SMS08,SMS09,1.0,7.25,6.25,6.166666666666667,19.666666666666668,13.5,true
22,1.7303526e+18,SwF,swale,SMS08,SMS09,27.75,NaN,NaN,71.91666666666667,0.0,-71.91666666666667,false
23,1.7304471e+18,SwF,swale,SMS08,SMS09,3.6666666666666665,NaN,NaN,51.166666666666664,0.3333333333333333,-50.83333333333333,false
24,1.7305146e+18,SwF,swale,SMS08,SMS09,3.25,NaN,NaN,32.416666666666664,24.75,-7.666666666666664,false
25,1.7305929e+18,SwF,swale,SMS08,SMS09,2.5,NaN,NaN,10.666666666666666,3.0,-7.666666666666666,false
26,1.7314542e+18,SwF,swale,SMS08,SMS09,0.5,7.5,7.0,12.916666666666666,55.0,42.083333333333336,true
27,1.7315361e+18,SwF,swale,SMS08,SMS09,0.4166666666666667,NaN,NaN,30.166666666666668,32.25,2.083333333333332,false
28,1.7315775e+18,SwF,swale,SMS08,SMS09,0.6666666666666666,NaN,NaN,18.666666666666668,20.75,2.083333333333332,false
29,1.7316243e+18,SwF,swale,SMS08,SMS09,0.5,7.75,7.25,5.666666666666667,7.75,2.083333333333333,true
30,1.7316954e+18,SwF,swale,SMS08,SMS09,0.3333333333333333,NaN,NaN,36.833333333333336,6.416666666666667,-30.416666666666668,false
31,1.7318088e+18,SwF,swale,SMS08,SMS09,0.5,NaN,NaN,5.333333333333333,6.333333333333333,1.0,false
32,1.7326116e+18,SwF,swale,SMS08,SMS09,0.5,16.25,15.75,27.666666666666668,21.583333333333332,-6.083333333333336,true
33,1.7329545e+18,SwF,swale,SMS08,SMS09,0.5,4.416666666666667,3.916666666666667,18.666666666666668,7.333333333333333,-11.333333333333336,true
34,1.7339076e+18,SwF,swale,SMS08,SMS09,2.1666666666666665,23.166666666666668,21.0,39.666666666666664,39.666666666666664,0.0,true
35,1.7339751e+18,SwF,swale,SMS08,SMS09,0.0,4.166666666666667,4.166666666666667,20.916666666666668,20.916666666666668,0.0,true
36,1.7340084e+18,SwF,swale,SMS08,SMS09,0.3333333333333333,6.75,6.416666666666667,11.666666666666666,11.666666666666666,0.0,true
37,1.7340723e+18,SwF,swale,SMS08,SMS09,NaN,NaN,NaN,0.6666666666666666,0.8333333333333334,0.16666666666666674,false
38,1.7340993e+18,SwF,swale,SMS08,SMS09,0.6666666666666666,NaN,NaN,1.25,3.8333333333333335,2.5833333333333335,false
39,1.7352846e+18,SwF,swale,SMS08,SMS09,4.75,NaN,NaN,70.25,17.25,-53.0,false
40,1.7355024e+18,SwF,swale,SMS08,SMS09,1.5,NaN,NaN,9.75,2.5833333333333335,-7.166666666666666,false
41,1.7417259e+18,SwF,swale,SMS08,SMS09,42.666666666666664,NaN,NaN,71.66666666666667,2.75,-68.91666666666667,false
42,1.7474355e+18,SwF,swale,SMS08,SMS09,0.0,NaN,NaN,28.5,3.5,-25.0,false
43,1.7474958e+18,SwF,swale,SMS08,SMS09,1.1666666666666667,NaN,NaN,11.75,0.0,-11.75,false
44,1.7475318e+18,SwF,swale,SMS08,SMS09,0.5833333333333334,NaN,NaN,1.75,0.16666666666666666,-1.5833333333333333,false
45,1.7496783e+18,SwF,swale,SMS08,SMS09,0.5,NaN,NaN,3.5833333333333335,2.5833333333333335,-1.0,false
46,1.7506251e+18,SwF,swale,SMS08,SMS09,NaN,NaN,NaN,46.833333333333336,4.75,-42.083333333333336,false
47,1.7531298e+18,SwF,swale,SMS08,SMS09,70.33333333333333,NaN,NaN,70.66666666666667,6.0,-64.66666666666667,false
48,1.7540874e+18,SwF,swale,SMS08,SMS09,4.833333333333333,NaN,NaN,72.0,6.083333333333333,-65.91666666666667,false
49,1.7542404e+18,SwF,swale,SMS08,SMS09,2.0,NaN,NaN,31.833333333333332,5.583333333333333,-26.25,false
50,1.7543367e+18,SwF,swale,SMS08,SMS09,1.3333333333333333,NaN,NaN,5.083333333333333,72.0,66.91666666666667,false
51,1.7554563e+18,SwF,swale,SMS08,SMS09,1.25,NaN,NaN,3.75,5.333333333333333,1.583333333333333,false
52,1.7566785e+18,SwF,swale,SMS08,SMS09,2.0,NaN,NaN,5.75,4.916666666666667,-0.833333333333333,false
53,1.7572914e+18,SwF,swale,SMS08,SMS09,1.4166666666666667,NaN,NaN,2.5833333333333335,3.75,1.1666666666666665,false
54,1.7576217e+18,SwF,swale,SMS08,SMS09,1.3333333333333333,NaN,NaN,33.333333333333336,4.416666666666667,-28.916666666666668,false
55,1.7577351e+18,SwF,swale,SMS08,SMS09,0.75,NaN,NaN,1.8333333333333333,71.41666666666667,69.58333333333334,false
56,1.7582472e+18,SwF,swale,SMS08,SMS09,1.4166666666666667,30.666666666666668,29.25,72.0,71.91666666666667,-0.0833333333333286,true
57,1.7585001e+18,SwF,swale,SMS08,SMS09,0.8333333333333334,7.583333333333333,6.75,5.166666666666667,51.25,46.083333333333336,true
58,1.7585838e+18,SwF,swale,SMS08,SMS09,0.5833333333333334,5.166666666666667,4.583333333333334,72.0,72.0,0.0,true
59,1.7588304e+18,SwF,swale,SMS08,SMS09,0.5833333333333334,1.3333333333333333,0.7499999999999999,6.166666666666667,8.083333333333334,1.916666666666667,true
60,1.7590014e+18,SwF,swale,SMS08,SMS09,0.5833333333333334,NaN,NaN,1.1666666666666667,8.5,7.333333333333333,false
61,1.7593677e+18,SwF,swale,SMS08,SMS09,0.4166666666666667,NaN,NaN,53.333333333333336,70.41666666666667,17.083333333333336,false
62,1.7595441e+18,SwF,swale,SMS08,SMS09,0.6666666666666666,10.583333333333334,9.916666666666668,4.333333333333333,21.416666666666668,17.083333333333336,true
63,1.7599257e+18,SwF,swale,SMS08,SMS09,0.4166666666666667,NaN,NaN,2.6666666666666665,0.0,-2.6666666666666665,false
64,1.7603586e+18,SwF,swale,SMS08,SMS09,0.8333333333333334,NaN,NaN,12.916666666666666,40.666666666666664,27.75,false
65,1.7603955e+18,SwF,swale,SMS08,SMS09,0.5,NaN,NaN,2.6666666666666665,71.83333333333333,69.16666666666666,false
66,1.7605098e+18,SwF,swale,SMS08,SMS09,0.4166666666666667,53.833333333333336,53.41666666666667,69.08333333333333,72.0,2.9166666666666714,true
67,1.760571e+18,SwF,swale,SMS08,SMS09,0.5,36.333333333333336,35.833333333333336,57.5,58.333333333333336,0.8333333333333357,true
68,1.7606115e+18,SwF,swale,SMS08,SMS09,0.5,24.916666666666668,24.416666666666668,46.25,47.083333333333336,0.8333333333333357,true
69,1.7606736e+18,SwF,swale,SMS08,SMS09,0.5833333333333334,10.333333333333334,9.75,29.0,29.833333333333332,0.8333333333333321,true
70,1.7607393e+18,SwF,swale,SMS08,SMS09,0.6666666666666666,5.916666666666667,5.25,10.75,11.583333333333334,0.8333333333333339,true
71,1.760841e+18,SwF,swale,SMS08,SMS09,0.4166666666666667,58.583333333333336,58.16666666666667,71.25,59.416666666666664,-11.833333333333336,true
72,1.7609427e+18,SwF,swale,SMS08,SMS09,0.0,30.083333333333332,30.083333333333332,51.583333333333336,31.166666666666668,-20.416666666666668,true
73,1.7610255e+18,SwF,swale,SMS08,SMS09,0.25,6.666666666666667,6.416666666666667,28.583333333333332,8.166666666666666,-20.416666666666664,true
74,1.7623863e+18,SwF,swale,SMS08,SMS09,1.0833333333333333,NaN,NaN,40.333333333333336,53.75,13.416666666666664,false
75,1.7625267e+18,SwF,swale,SMS08,SMS09,0.5833333333333334,NaN,NaN,1.3333333333333333,14.75,13.416666666666666,false
76,1.7632917e+18,SwF,swale,SMS08,SMS09,0.5833333333333334,18.916666666666668,18.333333333333336,59.416666666666664,45.833333333333336,-13.583333333333329,true
77,1.7633358e+18,SwF,swale,SMS08,SMS09,0.4166666666666667,6.583333333333333,6.166666666666666,47.166666666666664,33.583333333333336,-13.583333333333329,true
78,1.7633988e+18,SwF,swale,SMS08,SMS09,0.08333333333333333,13.416666666666666,13.333333333333332,29.666666666666668,16.083333333333332,-13.583333333333336,true
79,1.7634321e+18,SwF,swale,SMS08,SMS09,0.5,NaN,NaN,20.416666666666668,6.833333333333333,-13.583333333333336,false
80,1.7637624e+18,SwF,swale,SMS08,SMS09,0.5833333333333334,30.166666666666668,29.583333333333336,35.333333333333336,59.5,24.166666666666664,true
81,1.7638281e+18,SwF,swale,SMS08,SMS09,0.5833333333333334,12.0,11.416666666666666,17.083333333333332,41.25,24.166666666666668,true
82,1.7638641e+18,SwF,swale,SMS08,SMS09,0.5833333333333334,2.4166666666666665,1.833333333333333,7.083333333333333,31.25,24.166666666666668,true
83,1.7639235e+18,SwF,swale,SMS08,SMS09,0.5,NaN,NaN,16.583333333333332,14.75,-1.8333333333333321,false
84,1.7639622e+18,SwF,swale,SMS08,SMS09,0.5,NaN,NaN,5.833333333333333,4.0,-1.833333333333333,false
85,1.764387e+18,SwF,swale,SMS08,SMS09,0.5,12.666666666666666,12.166666666666666,27.166666666666668,17.833333333333332,-9.333333333333336,true
86,1.7644239e+18,SwF,swale,SMS08,SMS09,0.16666666666666666,2.4166666666666665,2.25,16.916666666666668,7.583333333333333,-9.333333333333336,true
87,1.7646543e+18,SwF,swale,SMS08,SMS09,0.5,NaN,NaN,39.916666666666664,40.25,0.3333333333333357,false
88,1.7647029e+18,SwF,swale,SMS08,SMS09,0.4166666666666667,25.5,25.083333333333332,26.416666666666668,26.75,0.33333333333333215,true
89,1.7647875e+18,SwF,swale,SMS08,SMS09,0.5,NaN,NaN,2.9166666666666665,3.25,0.3333333333333335,false
90,1.7648802e+18,SwF,swale,SMS08,SMS09,0.5833333333333334,NaN,NaN,14.666666666666666,16.333333333333332,1.666666666666666,false
91,1.7649243e+18,SwF,swale,SMS08,SMS09,0.5,NaN,NaN,2.4166666666666665,4.083333333333333,1.6666666666666665,false
92,1.7659152e+18,SwF,swale,SMS08,SMS09,11.666666666666666,NaN,NaN,31.666666666666668,4.833333333333333,-26.833333333333336,false
93,1.769319e+18,SwF,swale,SMS08,SMS09,4.083333333333333,18.0,13.916666666666668,14.583333333333334,46.25,31.666666666666664,true
