date,T_min_C,T_max_C,T_mean_C,n_samples,J,R_a_MJ_m2_day,PET_mm_day,rain_mm
2024-05-26,0.0,31.9,6.5323529411764705,34,147,34.77652675158969,4.486703865240928,
2024-05-27,0.0,0.0,0.0,288,148,34.73201218471107,0.0,
2024-05-28,0.0,32.62,6.161111111111111,288,149,34.68880811599598,4.456563110768276,1.4
2024-05-29,27.78,40.9,32.61611111111111,288,150,34.64695789446704,5.93968099021222,4.0
2024-05-30,28.2,41.34,33.25729166666667,288,151,34.60650333446863,6.012774661915494,0.0
2024-05-31,28.7,42.58,33.75233449477352,287,152,34.56748467766852,6.232648004987736,0.0
2024-06-01,24.98,39.44,32.33409722222222,288,153,34.52994055682264,6.179807224554546,4.8
2024-06-02,25.3,36.72,30.39222222222222,288,154,34.4939079613077,5.273684648194917,0.0
2024-06-03,25.98,35.18,30.030804195804194,286,155,34.45942220442418,4.6932246105298665,0.0
2024-06-04,27.2,37.9,31.298055555555557,288,156,34.42651689247123,5.190521790324507,0.0
2024-06-05,25.7,37.62,30.01319444444444,288,157,34.39522389559352,5.330227928158789,5.0
2024-06-06,24.7,35.82,28.55875,288,158,34.36557332039885,4.987345512085849,12.4
2024-06-07,24.2,34.32,28.46458333333333,288,159,34.33759348434479,4.744282243828937,1.8
2024-06-08,24.3,35.62,29.357291666666665,288,160,34.31131089189092,5.110591058825963,0.0
2024-06-09,25.8,36.84,31.057499999999997,288,161,34.28675021241352,5.225211241881422,0.0
2024-06-10,26.12,38.06,31.055208333333333,288,162,34.26393425987809,5.430152328924164,0.0
2024-06-11,26.1,37.46,31.660972222222224,288,163,34.242883974264934,5.359001769082848,0.0
2024-06-12,27.1,35.9,30.794999999999998,288,164,34.22361840474284,4.6314885960024075,0.0
2024-06-13,25.7,37.22,30.794583333333335,288,165,34.2061546945852,5.296391858922701,0.0
2024-06-14,26.5,37.24,31.14111111111111,288,166,34.19050806782314,5.148056109217458,0.0
2024-06-15,27.5,36.8,31.39944444444445,288,167,34.1766918176297,4.813859903537297,0.0
2024-06-16,26.1,40.14,31.787499999999998,288,168,34.16471729642975,5.959301391881466,0.0
2024-06-17,25.3,38.5,30.901875,288,169,34.154593907729584,5.673401575520434,0.0
2024-06-18,25.2,38.24,30.336666666666662,288,170,34.14632909966115,5.572121560167206,0.0
2024-06-19,25.1,37.56,29.480555555555554,288,171,34.13992836023528,5.348918111916052,1.0
2024-06-20,24.7,36.02,29.241875,288,172,34.13539521429926,5.071944867256981,1.8
2024-06-21,25.7,38.18,29.95909722222222,288,173,34.132731222193655,5.4062508622928815,2.2
2024-06-22,25.48,38.24,29.737986111111113,288,174,34.131935980104515,5.44112609617086,24.0
2024-06-23,25.7,36.96,29.31465277777778,288,175,34.13300712210635,5.065956929312494,14.000000000000002
2024-06-24,26.3,36.36,29.77548611111111,288,176,34.13594032389278,4.83566099663594,5.6000000000000005
2024-06-25,25.2,36.28,30.010416666666668,288,177,34.14072930819119,5.1006668043017465,4.4
2024-06-26,26.0,32.38,29.138958333333335,288,178,34.1473658518587,3.8006926072793377,0.0
2024-06-27,27.0,33.98,29.383958333333332,288,179,34.155839794656735,3.9971348718164696,0.0
2024-06-28,25.34,37.32,30.683680555555554,288,180,34.166139049702124,5.382470346578914,0.0
2024-06-29,26.2,38.42,30.979374999999997,288,181,34.178249615592556,5.471210237399225,0.0
2024-06-30,27.2,35.62,30.21284722222222,288,182,34.19215559020492,4.471999428843286,0.8
2024-07-01,27.3,33.1,29.663333333333338,288,183,34.207839186164875,3.6707907242925892,0.0
2024-07-02,25.6,38.2,30.99027777777778,288,184,34.225280747986275,5.5645152146962245,0.0
2024-07-03,25.6,38.26,30.826249999999998,288,185,34.244458770879234,5.56211148806612,8.0
2024-07-04,26.1,34.3,29.81076388888889,288,186,34.26534992122543,4.385599802425147,0.0
2024-07-05,23.2,37.18,30.413194444444443,288,187,34.28792905871927,5.802598211829983,22.8
2024-07-06,25.2,33.4,28.302152777777778,288,188,34.31216926017326,4.252438672294284,1.6
2024-07-07,26.5,37.06,30.241666666666667,288,189,34.338041844985845,5.032540769450761,0.0
2024-07-08,25.3,34.48,29.54263888888889,288,190,34.365516402269165,4.62762787599819,0.0
2024-07-09,25.5,34.58,29.866041666666668,288,191,34.394560819634286,4.63770940434611,0.0
2024-07-10,25.8,37.76,31.178541666666668,288,192,34.425141313630256,5.474052056015842,0.0
2024-07-11,25.5,33.74,29.55569444444445,288,193,34.457222461833005,4.397216348384891,0.0
2024-07-12,24.8,39.06,30.437152777777776,288,194,34.490767236579046,5.898017204753456,12.600000000000001
2024-07-13,25.1,35.24,29.236736111111114,288,195,34.525737040338086,4.85468287986669,1.8
2024-07-14,26.3,34.9,29.692430555555557,288,196,34.56209174271737,4.518927693328944,0.0
2024-07-15,25.6,31.62,28.210138888888892,288,197,34.599789719089614,3.6667981275260466,0.4
2024-07-16,25.0,30.46,27.30152777777778,288,198,34.63878789083461,3.4269834960663696,2.0
2024-07-17,25.0,33.4,28.516805555555557,288,199,34.679041767183584,4.370258057152648,1.0
2024-07-18,23.62,33.76,28.02798611111111,288,200,34.7205054886532,4.756609964275539,8.8
2024-07-19,24.7,31.6,27.24826388888889,288,201,34.763131872054835,3.8617419625282765,1.2000000000000002
2024-07-20,25.06,35.4,29.31847222222222,288,202,34.806872457062454,4.950832386378124,0.0
2024-07-21,24.9,37.24,30.456875,288,203,34.85167755432064,5.546285396700274,0.0
2024-07-22,25.2,34.02,29.591250000000002,288,204,34.89749629507204,4.610929456501461,0.0
2024-07-23,26.0,36.7,30.813888888888886,288,205,34.94427668228132,5.216630303840747,0.2
2024-07-24,25.3,37.94,31.226111111111113,288,206,34.99196564323018,5.725732746140246,0.0
2024-07-25,26.2,37.24,30.04201388888889,288,207,35.04050908355569,5.2290903804576905,0.0
2024-07-26,26.6,36.8,31.05458333333333,288,208,35.089851942701294,5.139829195614202,0.0
2024-07-27,27.7,37.96,31.696180555555557,288,209,35.13993825074755,5.2300773670030445,0.0
2024-07-28,25.4,37.96,31.227222222222224,288,210,35.19071118658647,5.740132308652996,0.0
2024-07-29,26.3,37.38,31.16173611111111,288,211,35.24211313740055,5.392006185968318,0.0
2024-07-30,27.8,39.16,32.367638888888884,288,212,35.294085759404936,5.60243098997226,0.0
2024-07-31,26.3,38.88,31.694374999999997,288,213,35.346570039807595,5.8251242566880785,0.0
2024-08-01,26.3,37.94,30.67125,288,214,35.39950635993981,5.495657608264339,1.4
2024-08-02,25.6,36.64,30.471041666666665,288,215,35.45283455950591,5.338065804207923,0.0
2024-08-03,25.64,36.96,30.966944444444444,288,216,35.50649400189799,5.469130689890243,0.0
2024-08-04,25.7,38.24,31.087013888888887,288,217,35.56042364051836,5.779243013250477,0.2
2024-08-05,23.6,34.28,27.96798611111111,288,218,35.614562086049084,5.000768953189892,15.000000000000002
2024-08-06,23.1,37.24,29.18347222222222,288,219,35.66884767460508,5.915897556355604,15.4
2024-08-07,23.0,34.7,28.299930555555555,288,220,35.72321853670348,5.288171534520347,2.0
2024-08-08,23.8,36.14,27.99888888888889,288,221,35.77761266697967,5.403630339023986,61.800000000000004
2024-08-09,23.7,36.06,28.579513888888886,288,222,35.83196799457656,5.484888974317903,170.4
2024-08-10,23.8,35.64,28.860555555555557,288,223,35.88622245413079,5.40897847440136,2.0
2024-08-11,22.9,36.2,28.92493055555555,288,224,35.940314057277014,5.749341484452048,16.2
2024-08-12,24.5,35.86,29.771180555555556,288,225,35.99418096458777,5.41785206495464,4.2
2024-08-13,26.76,35.84,30.341944444444444,288,226,36.04776155786421,4.909153421960001,0.0
2024-08-14,26.2,35.54,30.068958333333335,288,227,36.10099451269003,4.958020667642687,6.2
2024-08-15,26.0,35.16,29.967986111111113,288,228,36.15381887115818,4.9068253273237,0.0
2024-08-16,26.2,34.78,30.067500000000003,288,229,36.20617411467799,4.765722792136374,0.0
2024-08-17,26.22,36.14,30.482083333333335,288,230,36.258000236767295,5.176156950838624,2.2
2024-08-18,25.4,36.52,30.379930555555557,288,231,36.30923781573263,5.476428822579342,0.0
2024-08-19,26.2,33.02,29.191597222222224,288,232,36.35982808713834,4.188861169630513,0.0
2024-08-20,24.5,35.14,29.478958333333335,288,233,36.40971301596347,5.271299847323891,0.0
2024-08-21,25.3,33.88,28.756944444444443,288,234,36.45883536834396,4.6675895272753785,0.6000000000000001
2024-08-22,25.44,34.46,28.954583333333332,288,235,36.50713878279619,4.812458619990114,0.0
2024-08-23,26.6,35.6,30.05569444444444,288,236,36.55456784081646,4.926724563697106,0.0
2024-08-24,26.6,35.28,30.53472222222222,288,237,36.601068136750555,4.892993073684302,0.0
2024-08-25,26.0,36.34,30.666458333333335,288,238,36.64658634682622,5.361629895807927,0.0
2024-08-26,25.56,36.46,30.602500000000003,288,239,36.691070297241275,5.504313670707486,0.0
2024-08-27,25.12,35.9,30.11423611111111,288,240,36.734469031199616,5.42512148193623,17.6
2024-08-28,25.04,32.4,28.127222222222223,288,241,36.776732874787584,4.30173827127802,1.0
2024-08-29,24.2,32.82,28.277708333333333,288,242,36.817813501583046,4.675889608065296,3.4000000000000004
2024-08-30,24.0,33.2,27.851458333333333,288,243,36.857663995890654,4.791131903837922,3.0
2024-08-31,23.9,34.9,28.690277777777776,288,244,36.89623891449685,5.340751032622255,0.4
2024-09-01,23.8,36.14,29.326458333333335,288,245,36.93349434683986,5.739902735750951,4.2
2024-09-02,24.5,36.2,28.955833333333334,288,246,36.9693879734908,5.550508157984833,12.200000000000001
2024-09-03,25.5,36.2,29.40493055555556,288,247,37.00387912284401,5.363993676256384,0.0
2024-09-04,25.0,32.1,28.707430555555554,288,248,37.03692882591623,4.308719668941722,0.0
2024-09-05,23.2,36.4,30.755555555555556,288,249,37.06849986915664,6.138929637233412,50.6
2024-09-06,22.78,32.68,28.155416666666667,288,250,37.09855684517229,5.035853329638368,6.8
2024-09-07,25.9,34.32,29.216666666666665,288,251,37.12706620127574,4.75510668976611,0.0
2024-09-08,25.28,35.54,29.49013888888889,288,252,37.1539962857651,5.28337643613424,3.2
2024-09-09,25.4,35.28,29.60763888888889,288,253,37.17931739184968,5.201037222482364,0.0
2024-09-10,26.2,36.5,30.85298611111111,288,254,37.20300179913781,5.453406202746895,0.0
2024-09-11,24.9,36.28,29.94722222222222,288,255,37.225023812607326,5.628802073234571,0.0
2024-09-12,24.4,37.08,30.31298611111111,288,256,37.245359798982996,5.990400575943458,0.0
2024-09-13,26.7,37.28,31.031180555555554,288,257,37.26398822044923,5.556369816229192,0.0
2024-09-14,25.9,36.7,30.98638888888889,288,258,37.28088966563092,5.611236460322206,0.2
2024-09-15,25.5,37.44,31.025833333333335,288,259,37.29604687777996,5.9071279980072005,0.0
2024-09-16,25.5,37.62,31.238055555555555,288,260,37.30944478010917,5.9795030125927555,0.4
2024-09-17,26.1,37.78,31.543194444444445,288,261,37.32107049822111,5.908327051162444,0.0
2024-09-18,27.2,37.36,30.975763888888892,288,262,37.33091337958351,5.448554524740163,0.2
2024-09-19,25.1,37.38,30.667083333333338,288,263,37.33896501000898,5.953468993942191,0.0
2024-09-20,26.3,38.98,30.98944444444444,288,264,37.34521922710159,6.090911152770703,0.0
2024-09-21,24.02,35.74,28.41298611111111,288,265,37.34967213063848,5.547232684271734,14.600000000000001
2024-09-22,24.62,34.04,28.662569444444443,288,266,37.35232208986049,5.000437830367274,0.0
2024-09-23,26.2,36.48,30.59972222222222,288,267,37.35316974765103,5.441625372504543,0.0
2024-09-24,25.5,36.18,29.558402777777776,288,268,37.35221802158859,5.42701248512016,0.8
2024-09-25,26.24,36.3,29.89013888888889,288,269,37.34947210186378,5.303637065753796,0.2
2024-09-26,26.3,34.38,29.631736111111113,288,270,37.3449394460577,4.726810730242182,0.2
2024-09-27,24.8,33.4,28.335625,288,271,37.33862977078431,4.742482774138157,1.6
2024-09-28,25.8,35.24,29.39458333333333,288,272,37.330555040205276,5.0816453496983485,0.8
2024-09-29,25.8,35.08,29.833680555555556,288,273,37.32072945143143,5.083935163325431,0.0
2024-09-30,24.9,34.52,28.679375,288,274,37.309169416831175,5.049229931526039,0.0
2024-10-01,24.14,35.4,29.009305555555557,288,275,37.29589354327131,5.499512095986948,0.0
2024-10-02,23.9,37.56,30.653750000000002,288,276,37.28092260832182,6.2675981982558175,2.2
2024-10-03,22.6,37.46,29.204375000000002,288,277,37.26427953346167,6.338728752208776,32.400000000000006
2024-10-04,24.18,36.26,28.619583333333335,288,278,37.24598935432787,5.6412581175910566,0.4
2024-10-05,23.7,33.58,27.308055555555555,288,279,37.22607918805582,4.954976823407731,2.6
2024-10-06,23.8,30.8,26.790347222222223,288,280,37.204578197763595,4.120481902178754,0.2
2024-10-07,25.16,34.26,28.478333333333335,288,281,37.18151755423844,4.872897420386667,2.8
2024-10-08,25.0,34.34,28.31715277777778,288,282,37.15693039488834,4.916290139404729,0.6000000000000001
2024-10-09,24.8,34.24,28.481111111111108,288,283,37.13085178002614,4.9566292765163364,0.0
2024-10-10,24.9,32.32,27.28423611111111,288,284,37.10331864655854,4.277609897692879,20.6
2024-10-11,25.0,33.7,28.66222222222222,288,285,37.074369759156326,4.769744683976121,3.4000000000000004
2024-10-12,25.3,32.0,27.588472222222222,288,286,37.0440456589864,4.085668520608565,10.799999999999999
2024-10-13,24.6,33.74,28.058125,288,287,37.01238861009023,4.817239698312886,6.0
2024-10-14,24.2,29.02,25.85826388888889,288,288,36.97944254349655,3.3274542453128384,38.800000000000004
2024-10-15,23.6,28.9,24.922222222222224,288,289,36.945252999160225,3.4112391401534765,33.800000000000004
2024-10-16,23.4,32.06,26.808055555555555,288,290,36.90986706582161,4.548586642549338,0.2
2024-10-17,25.0,34.84,28.998124999999998,288,291,36.87333331888443,5.081596218390582,0.0
2024-10-18,25.16,28.82,26.983194444444443,288,292,36.83570175641229,2.962690681463561,0.0
2024-10-19,22.5,30.58,26.04236111111111,288,293,36.79702373334652,4.305008960983311,48.2
2024-10-20,24.1,33.36,27.736736111111114,288,294,36.75735189405033,4.781601289311519,0.0
2024-10-21,24.5,34.0,28.040833333333335,288,295,36.716740103286234,4.870125733763672,0.2
2024-10-22,24.5,34.98,28.619166666666665,288,296,36.675243375734595,5.173836937496213,0.0
2024-10-23,24.36,35.06,28.688333333333333,288,297,36.632917804163725,5.229607905183487,0.2
2024-10-24,24.4,34.0,27.037569444444443,288,298,36.58982048636186,4.771992025956213,0.2
2024-10-25,24.0,34.7,28.230763888888887,288,299,36.54600945094306,5.165849921054094,0.0
2024-10-26,23.7,35.3,28.14326388888889,288,300,36.50154358213906,5.361963108322022,0.2
2024-10-27,24.0,35.9,29.083472222222227,288,301,36.45648254368983,5.535154717585573,0.0
2024-10-28,25.0,35.66,29.268124999999998,288,302,36.410886701945536,5.252892431572849,3.2
2024-10-29,25.7,34.46,28.400902777777777,288,303,36.364817048292345,4.668159361695826,0.2
2024-10-30,24.8,33.22,27.524930555555557,288,304,36.318335121014165,4.484157688516581,5.4
2024-10-31,24.8,32.04,27.137708333333332,288,305,36.27150292670214,4.117252548510483,4.6000000000000005
2024-11-01,24.32,34.02,27.072916666666668,288,306,36.22438286132214,4.752618049018912,13.0
2024-11-02,23.6,34.26,27.75298611111111,288,307,36.177037631050275,5.051149317815252,4.0
2024-11-03,23.1,33.88,27.285833333333333,288,308,36.12953017298457,5.020807231207297,7.0
2024-11-04,23.3,33.7,27.084652777777777,288,309,36.08192357583989,4.903046064491974,0.2
2024-11-05,22.9,33.96,26.958958333333335,288,310,36.03428100073133,5.035413579563888,0.0
2024-11-06,22.0,33.28,26.238333333333333,288,311,35.986665602149806,4.996763381284776,5.800000000000001
2024-11-07,23.8,32.42,26.67375,288,312,35.93914044923124,4.405414946862569,0.8
2024-11-08,23.9,34.28,27.691180555555558,288,313,35.89176844741912,4.938357122218273,0.0
2024-11-09,23.2,34.38,27.355069444444446,288,314,35.844612260617545,5.080577199111521,0.8
2024-11-10,23.1,33.96,27.282777777777778,288,315,35.79773423392978,4.992785071470098,0.4
2024-11-11,23.2,33.9,27.56861111111111,288,316,35.75119631707501,4.980806884129685,0.0
2024-11-12,24.06,31.58,26.67798611111111,288,317,35.70505998857309,4.088326330391258,8.0
2024-11-13,23.3,26.3,24.909791666666663,288,318,35.65938618078481,2.4764165355609657,53.6
2024-11-14,24.2,31.3,26.722986111111112,288,319,35.6142352058922,3.96642122038199,21.200000000000003
2024-11-15,24.4,33.04,26.271597222222223,288,320,35.56966668290101,4.325708089191003,18.400000000000002
2024-11-16,24.8,32.9,27.019236111111113,288,321,35.52573946574426,4.254140585670055,7.6000000000000005
2024-11-17,23.42,31.58,26.443472222222223,288,322,35.4825115725633,4.209886498665857,17.599999999999998
2024-11-18,23.0,31.96,26.14034722222222,288,323,35.4400401162397,4.3759610300095675,0.0
2024-11-19,22.7,31.9,26.150555555555556,288,324,35.39838123624854,4.429997046739914,0.0
2024-11-20,22.5,32.16,26.12701388888889,288,325,35.35759003190085,4.531736526052254,0.0
2024-11-21,22.3,32.02,25.781319444444446,288,326,35.31772049703976,4.504928722769258,0.0
2024-11-22,20.8,32.8,25.597708333333333,288,327,35.27882545625253,4.978898685805208,0.0
2024-11-23,22.2,30.06,25.79875,288,328,35.24095650265741,4.043847321276795,0.0
2024-11-24,23.4,31.88,26.375138888888888,288,329,35.20416393732174,4.251396749316416,0.0
2024-11-25,22.06,28.74,24.991458333333334,288,330,35.168496710364586,3.651412307225953,0.0
2024-11-26,22.3,26.24,23.4475,288,331,35.13400236379519,2.7004436539924095,0.0
2024-11-27,22.3,26.3,24.185069444444444,288,332,35.10072697613499,2.7669590670857778,0.0
2024-11-28,23.0,26.9,24.734375,288,333,35.068715108869,2.765374569807096,0.0
2024-11-29,22.6,28.34,24.678541666666668,288,334,35.03800975476967,3.3475473261566693,0.0
2024-11-30,22.9,24.4,23.204652777777778,288,335,35.008652288133774,1.65050145732725,0.0
2024-12-01,23.4,24.72,24.07375,288,336,34.980682416970595,1.5798608994249845,0.0
2024-12-02,23.9,29.42,26.336111111111112,288,337,34.95413813717739,3.402702287164141,0.0
2024-12-03,24.2,31.96,27.55125,288,338,34.92905568873579,4.142559154556391,0.0
2024-12-04,23.7,33.66,27.383541666666666,288,339,34.90546951396092,4.672670687133993,0.0
2024-12-05,23.1,33.72,27.098333333333333,288,340,34.88341221783261,4.791518728275837,0.0
2024-12-06,22.9,33.08,26.821041666666666,288,341,34.86291453043628,4.659496999534873,0.0
2024-12-07,23.18,32.8,26.810694444444444,288,342,34.8440052715394,4.526018682470612,0.0
2024-12-08,22.0,33.14,26.27583333333333,288,343,34.82671131732721,4.809692875629524,0.0
2024-12-09,22.5,32.94,26.501041666666666,288,344,34.8110575693199,4.677816231706056,0.0
2024-12-10,23.34,31.0,26.19423611111111,288,345,34.79706692549185,3.9775400034439996,0.0
2024-12-11,23.7,25.5,24.441944444444445,288,346,34.78476025361183,1.8506782445026009,0.0
2024-12-12,23.7,28.8,25.128541666666667,288,347,34.774156366821536,3.1648241038431055,0.0
2024-12-13,23.6,27.18,25.299791666666668,288,348,34.7652720014685,2.6614852736244132,7.200000000000001
2024-12-14,22.1,31.44,25.44493055555556,288,349,34.75812179720799,4.312476033624672,0.0
2024-12-15,20.5,31.68,24.619097222222223,288,350,34.752718279387146,4.627355381931558,0.0
2024-12-16,20.9,30.84,24.89736111111111,288,351,34.74907184372339,4.391361472865378,0.0
2024-12-17,22.9,28.68,24.541319444444444,288,352,34.747190743287824,3.320547954527723,0.0
2024-12-18,22.4,30.24,25.234930555555554,288,353,34.74708107780323,3.930603324274853,1.2000000000000002
2024-12-19,23.8,30.42,26.083125,288,354,34.748746785265055,3.6832181297827353,0.0
2024-12-20,23.9,32.74,27.33625,288,355,34.75218963589264,4.378199347186121,0.0
2024-12-21,22.7,33.98,26.75263888888889,288,356,34.75740922841674,4.882442433875055,0.0
2024-12-22,22.3,32.34,26.104444444444443,288,357,34.764402988708476,4.540167439463847,0.0
2024-12-23,21.14,32.22,25.403194444444445,288,358,34.77316617075347,4.694525771098891,0.0
2024-12-24,21.3,29.1,24.65,288,359,34.78369185997388,3.8713498753741913,0.0
2024-12-25,22.4,30.76,25.902638888888887,288,360,34.795970978900094,4.127637144631165,0.0
2024-12-26,23.42,31.0,25.510694444444443,288,361,34.80999229519227,3.896686158874168,0.0
2024-12-27,23.0,31.28,25.973958333333332,288,362,34.82574243201119,4.118064304424658,0.0
2024-12-28,22.6,32.08,25.793125,288,363,34.84320588073618,4.3903791801118714,0.0
2024-12-29,22.6,30.82,25.38798611111111,288,364,34.86236501602698,4.052448078269183,0.0
2024-12-30,24.0,31.66,26.165972222222223,288,365,34.88320011322481,3.984823932102284,0.0
2024-12-31,23.3,32.48,26.265416666666667,288,366,34.90568936808677,4.374991290272861,0.0
2025-01-01,22.8,31.9,25.804444444444446,288,1,34.90568936808677,4.3103191201885975,0.0
2025-01-02,20.9,31.64,24.773125,288,2,34.9298089188458,4.575047759864065,0.0
2025-01-03,19.9,30.7,23.731250000000003,288,3,34.95553287058762,4.4788297988667205,0.0
2025-01-04,19.5,31.54,23.951180555555553,288,4,34.98283332193353,4.757718428859494,0.0
2025-01-05,19.4,31.84,24.25923611111111,288,5,35.01168039401744,4.875804432516517,0.0
2025-01-06,19.0,30.66,23.863125,288,6,35.04204226174224,4.6800692319613475,0.0
2025-01-07,21.68,30.82,25.22548611111111,288,7,35.073885187300576,4.282964861001137,0.0
2025-01-08,19.1,30.84,23.94486111111111,288,8,35.10717355594125,4.714055451332733,0.0
2025-01-09,19.2,31.54,23.969375,288,9,35.1418699139621,4.840633200608046,0.0
2025-01-10,20.2,29.96,24.15354166666667,288,10,35.17793500890687,4.328382495391717,0.0
2025-01-11,21.3,30.5,24.657152777777778,288,11,35.2153278319421,4.257339337388319,0.0
2025-01-12,21.1,28.94,24.548263888888886,288,12,35.25400566238726,3.9243150289619027,0.0
2025-01-13,23.1,31.98,25.856527777777778,288,13,35.29392411436929,4.3103980071351105,0.0
2025-01-14,22.2,31.98,25.71236111111111,288,14,35.33503718557005,4.5138734776954825,0.0
2025-01-15,21.9,32.28,25.838472222222222,288,15,35.37729730803231,4.6693305273904615,0.0
2025-01-16,21.2,30.68,25.19215277777778,288,16,35.42065540098779,4.4016114781675935,0.0
2025-01-17,19.98,30.96,24.315,288,17,35.46506092566737,4.6462271364979175,0.0
2025-01-18,20.5,28.0,23.621944444444445,288,18,35.51046194205122,3.7816313279358025,0.0
2025-01-19,22.5,31.76,25.634444444444444,288,19,35.55680516751312,4.411885654072477,0.0
2025-01-20,21.0,31.46,24.912847222222222,288,20,35.604036037310756,4.617270818783278,0.0
2025-01-21,19.5,31.44,24.504583333333333,288,21,35.65209876687048,4.892563127724342,0.0
2025-01-22,20.3,31.96,24.845625,288,22,35.70093641581149,4.880509001332131,0.0
2025-01-23,20.78,32.04,25.107708333333335,288,23,35.750490953651955,4.832237563182965,0.0
2025-01-24,19.2,32.58,24.624583333333334,288,24,35.800703327135686,5.215536063504726,0.0
2025-01-25,19.4,33.08,24.627430555555556,288,25,35.85151352911508,5.28152118876102,0.0
2025-01-26,18.7,32.22,23.779583333333335,288,26,35.902860668922536,5.152989815541819,0.0
2025-01-27,19.6,32.52,24.365,288,27,35.954683044159374,5.115647105636951,0.0
2025-01-28,19.2,31.74,23.71152777777778,288,28,36.00691821382807,4.96895643905252,0.0
2025-01-29,19.6,32.24,24.694305555555555,288,29,36.059503072729946,5.114294851180687,0.0
2025-01-30,21.38,33.16,25.826805555555556,288,30,36.11237392704755,5.076259903358758,0.0
2025-01-31,22.2,33.58,26.951458333333335,288,31,36.16546657102769,5.1254753286820005,0.0
2025-02-01,23.1,33.34,26.79201388888889,288,32,36.21871636467765,4.851788613608876,0.0
2025-02-02,21.3,33.14,25.96125,288,33,36.27205831238404,5.127427431881648,0.0
2025-02-03,19.6,32.7,24.548819444444447,288,34,36.32542714236119,5.226963137289337,0.0
2025-02-04,18.1,34.4,23.31888888888889,288,35,36.37875738683199,5.669500331581201,0.0
2025-02-05,19.3,34.6,25.054513888888888,288,36,36.431983462842304,5.7330648761350975,0.0
2025-02-06,18.9,33.4,24.777430555555554,288,37,36.48503975360655,5.553157942735572,0.0
2025-02-07,18.8,33.5,24.796180555555555,288,38,36.53786069027992,5.601885062469692,0.0
2025-02-08,20.3,33.4,25.180208333333333,288,39,36.59038083404978,5.343586517619143,0.0
2025-02-09,20.3,33.4,25.482291666666665,288,40,36.64253495843684,5.388813551525717,0.0
2025-02-10,18.7,33.6,24.99652777777778,288,41,36.69425813169429,5.690645504443429,0.0
2025-02-11,18.9,33.0,25.080208333333335,288,42,36.745485799191236,5.554336511459701,0.0
2025-02-12,19.8,33.6,28.0396449704142,169,43,36.79615386566489,5.882270154358457,0.0
2025-02-13,18.2,33.1,26.327672955974844,159,44,36.8461987772245,5.891943890566266,0.0
2025-02-14,17.5,33.0,23.910247349823322,283,45,36.89555760298845,5.6878016680948225,0.0
2025-02-15,18.2,34.2,24.555555555555557,288,46,36.94416811623497,5.87594899548121,0.0
2025-02-16,19.3,33.7,25.81417910447761,268,47,36.99196887494622,5.747488981975069,0.0
2025-02-17,20.5,33.3,25.575000000000003,288,48,37.038899301624,5.395905018491853,0.0
2025-02-18,19.1,33.6,25.117361111111112,288,49,37.08489976225628,5.689523199184568,0.0
2025-02-19,19.1,32.8,24.923263888888886,288,50,37.12991164431226,5.512014795795496,0.0
2025-02-20,19.4,33.3,25.200694444444444,288,51,37.17387743364471,5.594773173319474,0.0
2025-02-21,20.4,33.7,26.087152777777778,288,52,37.21674079017851,5.5919504729401845,0.0
2025-02-22,20.2,33.4,25.52013888888889,288,53,37.25844662226469,5.505075784228163,0.0
2025-02-23,20.0,34.5,25.769791666666666,288,54,37.29894115958078,5.809352632941646,0.0
2025-02-24,20.4,33.8,26.06076388888889,288,55,37.33817202445916,5.627861412288903,0.0
2025-02-25,21.7,34.7,26.85451388888889,288,56,37.37608830152695,5.6492740207403855,0.0
2025-02-26,22.0,35.3,27.586111111111112,288,57,37.41264060554237,5.813382596892942,0.0
2025-02-27,21.6,35.4,27.389930555555555,288,58,37.447781147315396,5.901590329620463,0.0
2025-02-28,23.4,35.2,28.234722222222224,288,59,37.481463797602224,5.564226825402121,0.0
2025-03-01,24.5,34.1,27.875694444444445,288,60,37.513644148866284,4.983928251379372,0.0
2025-03-02,23.2,34.9,28.102777777777778,288,61,37.54427957480129,5.533977959551189,0.0
2025-03-03,23.0,35.5,27.547916666666666,288,62,37.57332928751549,5.655275629944898,0.0
2025-03-04,22.4,34.2,26.91076388888889,288,63,37.6007543922791,5.421399402483321,0.0
2025-03-05,21.3,35.1,26.298263888888886,288,64,37.62651793974173,5.786511442349525,0.0
2025-03-06,20.8,36.2,27.070833333333333,288,65,37.650584975529924,6.2238336380692925,0.0
2025-03-07,19.9,36.8,26.835763888888888,288,66,37.6729225871396,6.489591927409589,0.0
2025-03-08,20.2,34.9,26.369444444444444,288,67,37.693499948042856,5.992510734027293,0.0
2025-03-09,19.6,33.6,25.717361111111114,288,68,37.712288358933236,5.764626944319671,0.0
2025-03-10,20.8,35.9,27.429513888888888,288,69,37.72926128603858,6.225158986541651,0.0
2025-03-11,24.2,30.3,25.969791666666666,288,70,37.74439439643602,3.83048362592328,0.0
2025-03-12,23.7,34.2,26.757986111111112,288,71,37.75766559030905,5.117844552941566,0.0
2025-03-13,22.8,34.7,27.707291666666666,288,72,37.76905503009187,5.5661171278500845,0.0
2025-03-14,21.8,34.0,26.968055555555555,288,73,37.77854516645242,5.545684113371482,0.0
2025-03-15,21.3,34.8,27.23159722222222,288,74,37.78612076107137,5.869191707995294,0.0
2025-03-16,22.8,34.8,28.35590277777778,288,75,37.79176890617982,5.6725305673382564,0.0
2025-03-17,23.5,35.6,28.664930555555557,288,76,37.79547904082527,5.734817256842694,0.0
2025-03-18,23.6,35.5,29.113888888888887,288,77,37.797242963841356,5.742444277018222,0.0
2025-03-19,23.4,35.3,28.98368055555555,288,78,37.79705484350294,5.7264777642160105,0.0
2025-03-20,22.9,36.1,28.901736111111113,288,79,37.794911223854875,6.02025756842759,0.0
2025-03-21,24.5,35.7,29.73923611111111,288,80,37.79081102770879,5.644288114292581,0.0
2025-03-22,24.7,35.2,29.403125000000003,288,81,37.78475555630878,5.425549991043334,0.0
2025-03-23,25.3,35.6,29.15034722222222,288,82,37.77674848567336,5.343720654599286,0.0
2025-03-24,23.4,35.7,28.614583333333332,288,83,37.76679585962706,5.771369822521384,0.0
2025-03-25,22.3,35.1,27.727083333333333,288,84,37.75490607954172,5.7731116819079595,0.0
2025-03-26,21.9,35.1,27.554513888888888,288,85,37.74108989081357,5.838263219791996,0.0
2025-03-27,22.5,36.3,28.359027777777776,288,86,37.72536036610828,6.072833089474524,0.0
2025-03-28,23.4,37.4,29.399652777777778,288,87,37.70773288541244,6.251654883812031,0.0
2025-03-29,24.0,39.1,30.04270833333333,288,88,37.68822511293566,6.57766373035046,0.0
2025-03-30,21.7,35.0,27.964583333333334,288,89,37.666856970913216,5.901691009812832,0.0
2025-03-31,22.6,34.7,28.479861111111113,288,90,37.643650610365206,5.689029916999033,0.0
2025-04-01,22.9,34.3,28.26388888888889,288,91,37.618630378873085,5.492597273396085,0.0
2025-04-02,23.4,36.2,29.34305555555555,288,92,37.59182278544016,5.952204568470585,0.0
2025-04-03,23.1,28.5,26.165625,288,93,37.56325646250738,3.6027582246917387,0.0
2025-04-04,24.2,35.7,28.83888888888889,288,94,37.53296212520107,5.572777552634074,0.0
2025-04-05,23.7,35.3,28.627777777777776,288,95,37.50097252789331,5.566871209387827,0.0
2025-04-06,24.5,36.2,29.493402777777778,288,96,37.467322418160386,5.689942831011351,0.0
2025-04-07,25.5,36.4,29.78055555555555,288,97,37.43204848822902,5.52011472723917,0.0
2025-04-08,25.0,36.3,29.25069444444445,288,98,37.39518932400349,5.552425594500917,0.0
2025-04-09,24.0,36.5,29.180902777777778,288,99,37.356785351770846,5.825156705268538,0.0
2025-04-10,25.1,38.0,30.69548611111111,288,100,37.316878782684434,6.101874001719046,0.0
2025-04-11,24.7,37.6,30.116319444444443,288,101,37.27551355512916,6.022318136517651,0.0
2025-04-12,24.1,38.5,30.14861111111111,288,102,37.23273527507437,6.3598075221158705,0.0
2025-04-13,26.2,38.4,31.09201388888889,288,103,37.188591154523316,5.961963589244852,0.0
2025-04-14,26.1,36.5,30.568055555555556,288,104,37.14312994816944,5.438956027813862,0.0
2025-04-15,25.8,35.9,30.103819444444444,288,105,37.09640188837234,5.301812542303362,0.0
2025-04-16,25.5,36.2,29.874652777777776,288,106,37.04845861856746,5.423895621451094,0.0
2025-04-17,25.3,35.4,29.905902777777776,288,107,36.999353125224665,5.26609498809645,0.0
2025-04-18,26.3,35.8,30.47291666666667,288,108,36.949139668472384,5.1609710718455535,0.0
2025-04-19,27.5,37.9,31.384027777777778,288,109,36.89787371150369,5.494192256649167,0.0
2025-04-20,27.8,37.7,31.518402777777776,288,110,36.845611848882285,5.367525604065986,0.0
2025-04-21,27.7,37.7,31.206249999999997,288,111,36.792411733865045,5.35268245076247,0.0
2025-04-22,25.1,36.9,30.180208333333333,288,112,36.738332004858854,5.684395922384774,0.0
2025-04-23,25.1,38.1,30.742708333333333,288,113,36.683432211127965,6.027363638068605,0.0
2025-04-24,27.2,37.8,31.421875,288,114,36.62777273786797,5.51040282836309,0.0
2025-04-25,26.9,38.2,31.279166666666665,288,115,36.57141473076103,5.664217408029118,0.0
2025-04-26,26.9,37.3,31.258333333333333,288,116,36.51442002012618,5.423199963097092,0.0
2025-04-27,25.8,37.1,30.506597222222222,288,117,36.45685104477641,5.557590884251395,0.0
2025-04-28,26.1,37.3,30.62986111111111,288,118,36.39877077569309,5.538226378991042,0.0
2025-04-29,25.0,37.5,30.658333333333335,288,119,36.340242639625956,5.844845744726849,0.0
2025-04-30,26.6,37.3,31.11909722222222,288,120,36.28133044272457,5.450235630569308,0.0
2025-05-01,26.8,37.5,30.751388888888886,288,121,36.22209829430537,5.400436990984029,0.0
2025-05-02,27.3,37.7,31.149652777777778,288,122,36.162610530855346,5.359050022774332,0.0
2025-05-03,27.5,38.6,31.604166666666668,288,123,36.102931640370564,5.578652225599629,0.0
2025-05-04,24.0,38.8,30.671875,288,124,36.043126187125665,6.309644360682434,0.0
2025-05-05,23.8,34.7,28.396180555555556,288,125,35.98325873696641,5.1520677138704745,0.0
2025-05-06,24.9,36.7,30.640277777777776,288,126,35.92339378321512,5.611600421405298,0.0
2025-05-07,22.8,35.9,28.825347222222224,288,127,35.8635956732748,5.6816347104565,0.0
2025-05-08,24.4,37.2,30.07881944444445,288,128,35.80392853601539,5.75759153929191,0.0
2025-05-09,24.6,37.3,30.377777777777776,288,129,35.744456210020864,5.7612811680558,0.0
2025-05-10,26.7,37.4,31.22361111111111,288,130,35.685242172773684,5.37214328247593,0.0
2025-05-11,27.8,38.9,31.93506944444444,288,131,35.62634947084878,5.54188224351705,0.0
2025-05-12,27.0,39.9,32.088541666666664,288,132,35.567840651185925,5.982943689690559,0.0
2025-05-13,25.8,39.5,31.95381944444445,288,133,35.50977769350561,6.138982769831054,0.0
2025-05-14,27.6,38.1,31.96701388888889,288,134,35.452221943930326,5.367121708317838,0.0
2025-05-15,25.1,38.4,31.246875000000003,288,135,35.39523404986883,5.943519641935335,0.0
2025-05-16,23.8,40.2,31.481597222222224,288,136,35.338873896218345,6.620962937522163,0.0
2025-05-17,23.3,35.0,26.640277777777776,288,137,35.28320054293503,5.034999369948886,40.0
2025-05-18,24.7,35.6,28.840972222222224,288,138,35.228272164020524,5.092534011216078,15.600000000000001
2025-05-19,24.8,31.5,27.853125,288,139,35.17414598796809,3.902053553324761,1.0
2025-05-20,24.5,33.2,28.545833333333334,288,140,35.120878239709164,4.507102562674433,1.2000000000000002
2025-05-21,24.9,35.0,29.579513888888886,288,141,35.06852408409724,4.957132500061955,0.0
2025-05-22,25.1,36.2,30.26145833333333,288,142,35.01713757096321,5.263817552563757,0.0
2025-05-23,25.1,37.0,30.642013888888886,288,143,34.96677158177284,5.485458815443701,3.6
2025-05-24,25.7,32.8,29.073611111111113,288,144,34.91747777791424,4.09413542432333,0.0
2025-05-25,25.8,33.5,29.33055555555556,288,145,34.86930655064012,4.281076455242315,0.0
2025-05-26,26.1,33.2,29.146874999999998,288,146,34.822306972686846,4.0893582108335265,0.0
2025-05-27,26.2,34.4,29.645833333333332,288,147,34.77652675158969,4.435605998980213,0.0
2025-05-28,25.7,35.8,30.043055555555554,288,148,34.73201218471107,4.9575978165970565,0.0
2025-05-29,26.7,34.6,30.17673611111111,288,149,34.68880811599598,4.3913229210484825,0.0
2025-05-30,26.5,32.5,29.001388888888886,288,150,34.64695789446704,3.7287324871762535,0.0
2025-05-31,25.5,37.1,30.626388888888886,288,151,34.60650333446863,5.358343509679984,0.0
2025-06-01,26.2,38.6,31.640625,288,152,34.56748467766852,5.649686186363934,0.0
2025-06-02,25.4,38.0,31.221874999999997,288,153,34.52994055682264,5.640697022052633,0.0
2025-06-03,25.2,37.5,30.524305555555557,288,154,34.4939079613077,5.48810395727515,8.6
2025-06-04,25.9,37.3,30.682291666666668,288,155,34.45942220442418,5.2954797109240275,0.0
2025-06-05,26.6,37.7,31.41111111111111,288,156,34.42651689247123,5.298824028272342,0.0
2025-06-06,27.2,37.8,31.243750000000002,288,157,34.39522389559352,5.155805139199195,0.0
2025-06-07,27.0,38.3,31.71944444444445,288,158,34.36557332039885,5.37032205358171,0.0
2025-06-08,24.2,39.8,30.72951388888889,288,159,34.33759348434479,6.178738949134332,2.6
2025-06-09,25.2,38.2,30.418750000000003,288,160,34.31131089189092,5.599982714916794,0.0
2025-06-10,24.1,37.5,29.415625000000002,288,161,34.28675021241352,5.563219776701168,6.2
2025-06-11,24.2,34.1,28.784374999999997,288,162,34.26393425987809,4.714730253295394,39.2
2025-06-12,24.6,35.1,29.310416666666665,288,163,34.242883974264934,4.9073121149415195,0.0
2025-06-13,25.7,36.0,30.101041666666667,288,164,34.22361840474284,4.939138978880539,0.0
2025-06-14,26.2,35.0,30.146180555555556,288,165,34.2061546945852,4.567319148848855,0.0
2025-06-15,26.5,35.3,30.036458333333332,288,166,34.19050806782314,4.5547826793232975,0.0
2025-06-16,26.2,35.0,29.808680555555554,288,167,34.1766918176297,4.531262849125356,0.0
2025-06-17,25.9,36.3,30.12013888888889,288,168,34.16471729642975,4.956490987481827,0.0
2025-06-18,25.2,37.1,30.868055555555557,288,169,34.154593907729584,5.383049253318007,0.0
2025-06-19,26.8,36.8,31.073611111111113,288,170,34.14632909966115,4.954276056369626,0.0
2025-06-20,26.3,37.8,31.307986111111113,288,171,34.13992836023528,5.3373465436053085,0.0
2025-06-21,26.7,36.1,30.70138888888889,288,172,34.13539521429926,4.7652401150080275,0.0
2025-06-22,24.2,36.2,30.451736111111114,288,173,34.132731222193655,5.355948095166744,1.6
2025-06-23,24.5,33.5,28.65451388888889,288,174,34.131935980104515,4.465518044446032,0.0
2025-06-24,25.2,36.3,30.20729166666667,288,175,34.13300712210635,5.12513132748132,0.0
2025-06-25,26.2,33.2,29.680208333333333,288,176,34.13594032389278,4.025642997991745,0.0
2025-06-26,26.5,35.9,30.40034722222222,288,177,34.14072930819119,4.736402911880481,0.0
2025-06-27,25.7,36.9,30.65868055555556,288,178,34.1473658518587,5.198757446643683,0.0
2025-06-28,24.6,37.8,30.037847222222222,288,179,34.155839794656735,5.572952129989374,0.0
2025-06-29,25.8,36.8,30.457638888888887,288,180,34.166139049702124,5.13357684689658,0.0
2025-06-30,25.3,35.7,30.388541666666665,288,181,34.178249615592556,4.9862267235800735,0.0
2025-07-01,27.0,36.7,30.937847222222224,288,182,34.19215559020492,4.872372037262731,0.0
2025-07-02,26.4,34.9,30.11423611111111,288,183,34.207839186164875,4.486022268128195,0.0
2025-07-03,26.7,33.1,29.796527777777776,288,184,34.225280747986275,3.8687799597548103,0.0
2025-07-04,24.8,36.5,30.39652777777778,288,185,34.244458770879234,5.299815374027074,0.0
2025-07-05,25.5,38.1,31.229166666666668,288,186,34.26534992122543,5.598306955684067,0.0
2025-07-06,25.4,37.5,31.45381944444445,288,187,34.28792905871927,5.514874146494797,0.0
2025-07-07,26.7,37.0,31.464236111111113,288,188,34.31216926017326,5.092843052606984,0.0
2025-07-08,25.7,37.8,31.79097222222222,288,189,34.338041844985845,5.560739941928118,0.0
2025-07-09,25.6,37.8,31.42534722222222,288,190,34.365516402269165,5.546938228479183,0.0
2025-07-10,25.5,38.5,31.282291666666666,288,191,34.394560819634286,5.714102519881945,0.0
2025-07-11,25.3,38.9,31.06736111111111,288,192,34.425141313630256,5.824059790299366,0.0
2025-07-12,25.8,38.5,31.765277777777776,288,193,34.457222461833005,5.713752487163195,0.0
2025-07-13,25.6,38.7,31.272916666666667,288,194,34.490767236579046,5.750983557288242,0.0
2025-07-14,26.9,37.9,31.938541666666666,288,195,34.525737040338086,5.346801981447612,0.0
2025-07-15,26.3,38.4,31.99652777777778,288,196,34.56209174271737,5.620222596429801,0.0
2025-07-16,26.4,38.7,31.630208333333332,288,197,34.599789719089614,5.63093102573856,0.0
2025-07-17,26.1,36.5,30.08576388888889,288,198,34.63878789083461,5.021662576278126,0.0
2025-07-18,24.6,37.5,29.25347222222222,288,199,34.679041767183584,5.501933950383989,0.0
2025-07-19,25.4,34.9,29.353819444444444,288,200,34.7205054886532,4.737251804260794,0.0
2025-07-20,26.9,32.7,29.423958333333335,288,201,34.763131872054835,3.7115646639503685,0.0
2025-07-21,23.8,34.8,28.78611111111111,288,202,34.806872457062454,5.048699873546657,0.0
2025-07-22,24.3,34.6,28.43263888888889,288,203,34.85167755432064,4.85459198281392,0.0
2025-07-23,25.2,32.9,29.021180555555556,288,204,34.89749629507204,4.256412833043535,0.0
2025-07-24,26.0,34.2,29.52777777777778,288,205,34.94427668228132,4.445911837182278,0.0
2025-07-25,26.4,32.4,29.04097222222222,288,206,34.99196564323018,3.76904755213615,0.0
2025-07-26,25.1,35.8,29.92777777777778,288,207,35.04050908355569,5.135648145172541,0.0
2025-07-27,26.0,36.0,30.229861111111113,288,208,35.089851942701294,5.003277812176309,0.0
2025-07-28,23.7,36.5,30.15208333333333,288,209,35.13993825074755,5.659462815580218,0.0
2025-07-29,25.1,38.4,31.69513888888889,288,210,35.19071118658647,5.963183355478938,0.0
2025-07-30,25.0,38.7,31.32638888888889,288,211,35.24211313740055,6.015875199041007,0.0
2025-07-31,26.3,37.8,30.254513888888887,288,212,35.294085759404936,5.399416095480482,0.0
2025-08-01,25.1,38.6,30.66944444444444,288,213,35.346570039807595,5.909407715927268,0.0
2025-08-02,23.9,36.4,29.211458333333333,288,214,35.39950635993981,5.523542343045914,0.0
2025-08-03,22.4,33.7,27.492708333333333,288,215,35.45283455950591,5.067342137911662,0.0
2025-08-04,24.2,33.9,28.295833333333334,288,216,35.50649400189799,4.785387166766902,0.0
2025-08-05,24.1,33.1,27.741666666666667,288,217,35.56042364051836,4.560987193362199,0.0
2025-08-06,24.3,35.5,29.212152777777778,288,218,35.614562086049084,5.260275743821379,0.0
2025-08-07,26.0,35.0,29.57222222222222,288,219,35.66884767460508,4.758782363803553,0.0
2025-08-08,25.0,33.2,28.111458333333335,288,220,35.72321853670348,4.409002511013975,0.0
2025-08-09,23.9,31.0,26.771875,288,221,35.77761266697967,3.988992207599041,0.0
2025-08-10,24.1,33.8,27.26388888888889,288,222,35.83196799457656,4.721140745701177,0.0
2025-08-11,23.9,31.2,27.018749999999997,288,223,35.88622245413079,4.079535028442992,0.0
2025-08-12,25.6,29.9,27.498611111111114,288,224,35.940314057277014,3.169295497521572,0.0
2025-08-13,24.4,31.3,27.652430555555554,288,225,35.99418096458777,4.034369805451331,0.0
2025-08-14,24.7,34.4,28.838541666666668,288,226,36.04776155786421,4.915536016526281,0.0
2025-08-15,24.5,33.1,28.675694444444446,288,227,36.10099451269003,4.619085818045581,0.0
2025-08-16,25.5,32.4,28.298958333333335,288,228,36.15381887115818,4.109903141780874,0.0
2025-08-17,23.7,31.6,27.39409722222222,288,229,36.20617411467799,4.317572594703484,0.0
2025-08-18,24.2,31.0,27.489583333333332,288,230,36.258000236767295,4.019928981495195,0.0
2025-08-19,24.0,35.4,28.600347222222222,288,231,36.30923781573263,5.340138738969989,0.0
2025-08-20,23.2,36.4,29.303819444444443,288,232,36.35982808713834,5.8415306808789245,0.0
2025-08-21,25.6,36.5,29.92951388888889,288,233,36.40971301596347,5.386160215050076,0.0
2025-08-22,26.3,32.9,28.264583333333334,288,234,36.45883536834396,4.05045356927259,0.0
2025-08-23,23.9,31.6,27.732291666666665,288,235,36.50713878279619,4.330164749070426,0.0
2025-08-24,24.6,36.9,29.805902777777778,288,236,36.55456784081646,5.729500565494055,0.0
2025-08-25,24.3,37.8,29.88715277777778,288,237,36.601068136750555,6.020378396955413,0.0
2025-08-26,26.3,36.7,29.821527777777778,288,238,36.64658634682622,5.283421650672916,0.0
2025-08-27,26.5,34.1,29.771180555555556,288,239,36.691070297241275,4.517236801067475,0.0
2025-08-28,26.7,35.6,29.913194444444443,288,240,36.734469031199616,4.908728541583113,0.0
2025-08-29,26.3,36.7,30.319791666666667,288,241,36.776732874787584,5.357661917481675,0.0
2025-08-30,25.2,37.3,29.94236111111111,288,242,36.817813501583046,5.740058567597063,0.0
2025-08-31,24.8,35.1,29.088541666666668,288,243,36.857663995890654,5.206847955123727,0.0
2025-09-01,24.2,31.6,27.871180555555554,288,244,36.89623891449685,4.303303207022807,0.0
2025-09-02,24.3,35.2,29.383333333333333,288,245,36.93349434683986,5.401122390747063,0.0
2025-09-03,25.8,33.9,29.73611111111111,288,246,36.9693879734908,4.695373792441409,0.0
2025-09-04,24.9,35.9,29.74756944444444,288,247,37.00387912284401,5.478146840644044,0.0
2025-09-05,25.7,37.0,30.32569444444444,288,248,37.03692882591623,5.624875958623222,0.0
2025-09-06,24.9,37.1,30.265277777777776,288,249,37.06849986915664,5.842223056723266,0.0
2025-09-07,24.3,36.2,29.43923611111111,288,250,37.09855684517229,5.675382205437631,0.0
2025-09-08,23.8,36.0,29.011111111111113,288,251,37.12706620127574,5.698771570929723,0.0
2025-09-09,25.2,35.0,29.439583333333335,288,252,37.1539962857651,5.158059899466313,0.0
2025-09-10,25.9,36.1,29.664930555555557,288,253,37.17931739184968,5.290979748515939,0.0
2025-09-11,23.3,35.6,27.76388888888889,288,254,37.20300179913781,5.581013521609124,0.0
2025-09-12,24.1,35.3,28.38576388888889,288,255,37.225023812607326,5.401493754276988,0.0
2025-09-13,22.1,31.7,27.33159722222222,288,256,37.245359798982996,4.889340079645359,0.0
2025-09-14,25.1,35.8,29.497916666666665,288,257,37.26398822044923,5.41233894403307,0.0
2025-09-15,24.7,35.2,29.552430555555556,288,258,37.28088966563092,5.370131799765335,0.0
2025-09-16,24.8,31.6,28.036458333333332,288,259,37.29604687777996,4.184947975260426,0.0
2025-09-17,24.1,34.6,27.481250000000003,288,260,37.30944478010917,5.139177223264925,0.0
2025-09-18,23.0,35.4,27.65625,288,261,37.32107049822111,5.608158656836964,0.0
2025-09-19,23.2,30.3,26.50486111111111,288,262,37.33091337958351,4.1372419675294525,0.0
2025-09-20,24.9,33.6,27.58298611111111,288,263,37.33896501000898,4.692202232914733,0.0
2025-09-21,25.5,33.6,28.516666666666666,288,264,37.34521922710159,4.621432037391152,0.0
2025-09-22,23.2,32.8,28.035069444444446,288,265,37.34967213063848,4.979457793921032,0.0
2025-09-23,25.0,33.8,28.477777777777778,288,266,37.35232208986049,4.813857054123658,0.0
2025-09-24,25.9,34.2,28.87326388888889,288,267,37.35316974765103,4.715159972081123,0.0
2025-09-25,23.3,34.9,28.65972222222222,288,268,37.35221802158859,5.548604260383691,0.0
2025-09-26,24.0,33.6,28.003124999999997,288,269,37.34947210186378,4.97596074493824,0.0
2025-09-27,24.6,35.2,28.932986111111113,288,270,37.3449394460577,5.334208363828769,0.0
2025-09-28,24.1,34.6,28.305208333333333,288,271,37.33862977078431,5.236785270421927,0.0
2025-09-29,24.2,34.4,29.15277777777778,288,272,37.330555040205276,5.255179750372325,0.0
2025-09-30,25.2,32.8,28.110416666666666,288,273,37.32072945143143,4.434349357282749,0.0
2025-10-01,25.6,32.5,28.554166666666667,288,274,37.309169416831175,4.264721305238648,0.0
2025-10-02,25.2,35.2,29.160069444444446,288,275,37.29589354327131,5.199379274259483,0.0
2025-10-03,25.8,31.7,28.22326388888889,288,276,37.28092260832182,3.9124772368936354,0.0
2025-10-04,22.6,32.1,26.69965277777778,288,277,37.26427953346167,4.7981398888125515,0.0
2025-10-05,24.4,35.7,28.571180555555557,288,278,37.24598935432787,5.450403324825088,0.0
2025-10-06,23.2,35.0,28.23715277777778,288,279,37.22607918805582,5.526606054793649,0.0
2025-10-07,23.9,33.6,28.008680555555557,288,280,37.204578197763595,4.983010321461369,0.0
2025-10-08,25.7,32.5,28.063541666666666,288,281,37.18151755423844,4.174561928964146,0.0
2025-10-09,25.2,34.0,28.90798611111111,288,282,37.15693039488834,4.833192123193812,0.0
2025-10-10,22.8,34.2,28.155208333333334,288,283,37.13085178002614,5.408587108025556,0.0
2025-10-11,25.5,34.3,28.796875,288,284,37.10331864655854,4.814737737405553,0.0
2025-10-12,23.5,34.6,28.018749999999997,288,285,37.074369759156326,5.313005370793359,0.0
2025-10-13,23.7,32.7,27.478125,288,286,37.0440456589864,4.723782047341929,0.0
2025-10-14,23.9,31.4,27.140277777777776,288,287,37.01238861009023,4.276369754118007,0.0
2025-10-15,24.3,29.9,26.19027777777778,288,288,36.97944254349655,3.6138725267427243,0.0
2025-10-16,24.7,31.3,26.80763888888889,288,289,36.945252999160225,3.9746747943604506,0.0
2025-10-17,24.8,30.4,26.837847222222223,288,290,36.90986706582161,3.6601719432052278,0.0
2025-10-18,24.9,29.9,26.602430555555557,288,291,36.87333331888443,3.436892091697927,0.0
2025-10-19,24.7,31.4,26.976388888888888,288,292,36.83570175641229,4.007902674410495,0.0
2025-10-20,24.3,28.7,25.902430555555554,288,293,36.79702373334652,3.166696004981618,0.0
2025-10-21,24.2,26.2,24.952083333333334,288,294,36.75735189405033,2.0863071598839236,0.0
2025-10-22,24.0,30.5,26.81875,288,295,36.716740103286234,3.9210280096588943,0.0
2025-10-23,23.7,32.4,27.537847222222222,288,296,36.675243375734595,4.604211625768491,0.0
2025-10-24,24.1,28.8,26.439930555555556,288,297,36.632917804163725,3.29834916738899,0.0
2025-10-25,24.4,33.8,27.460763888888888,288,298,36.58982048636186,4.766590430289008,0.0
2025-10-26,23.9,32.2,27.194444444444443,288,299,36.54600945094306,4.44733304969833,0.0
2025-10-27,24.5,27.5,25.957291666666666,288,300,36.50154358213906,2.59707231771447,0.0
2025-10-28,23.8,27.7,25.521875,288,301,36.45648254368983,2.9280336540832623,0.0
2025-10-29,23.5,34.0,28.222916666666666,288,302,36.410886701945536,5.097553526558144,0.0
2025-10-30,24.5,34.9,29.032638888888886,288,303,36.364817048292345,5.155947161603902,0.0
2025-10-31,24.5,35.5,29.127083333333335,288,304,36.318335121014165,5.306492908683088,0.0
2025-11-01,24.4,35.2,28.941319444444446,288,305,36.27150292670214,5.230463169262356,0.0
2025-11-02,25.3,35.5,29.33229166666667,288,306,36.22438286132214,5.1189559153057385,0.0
2025-11-03,24.5,35.5,28.89652777777778,288,307,36.177037631050275,5.259878165528238,0.0
2025-11-04,26.0,32.8,28.364930555555556,288,308,36.12953017298457,4.083106508036488,0.0
2025-11-05,24.9,34.2,28.56423611111111,288,309,36.08192357583989,4.789343836879232,0.0
2025-11-06,23.6,28.2,25.380208333333332,288,310,36.03428100073133,3.1328619768060024,0.0
2025-11-07,23.2,31.7,25.922222222222224,288,311,35.986665602149806,4.306406775272718,0.0
2025-11-08,22.5,31.4,26.165972222222223,288,312,35.93914044923124,4.425283741161287,0.0
2025-11-09,21.8,31.8,25.902430555555554,288,313,35.89176844741912,4.656527802338619,0.0
2025-11-10,21.8,33.5,26.503819444444446,288,314,35.844612260617545,5.099407729289059,0.0
2025-11-11,23.5,33.7,27.587152777777778,288,315,35.79773423392978,4.871361018307942,0.0
2025-11-12,24.1,33.7,27.981944444444444,288,316,35.75119631707501,4.760824597061918,0.0
2025-11-13,23.0,32.9,26.657638888888886,288,317,35.70505998857309,4.6887330801242015,0.0
2025-11-14,21.0,31.4,25.685416666666665,288,318,35.65938618078481,4.694571093024813,0.0
2025-11-15,20.2,30.4,24.09548611111111,288,319,35.6142352058922,4.473554102312044,0.0
2025-11-16,23.0,26.8,24.243055555555557,288,320,35.56966668290101,2.736702677647797,0.0
2025-11-17,22.3,25.5,23.24652777777778,288,321,35.52573946574426,2.4488167790039004,0.0
2025-11-18,21.5,27.4,23.561805555555555,288,322,35.4825115725633,3.3465829892496273,0.0
2025-11-19,22.2,28.9,24.71388888888889,288,323,35.4400401162397,3.661206215551196,0.0
2025-11-20,21.0,28.1,24.289583333333333,288,324,35.39838123624854,3.726910424640466,0.0
2025-11-21,22.6,32.6,26.64340277777778,288,325,35.35759003190085,4.665000670973968,0.0
2025-11-22,24.4,31.4,26.871875000000003,288,326,35.31772049703976,3.918660310838281,0.0
2025-11-23,23.9,29.4,25.708680555555556,288,327,35.27882545625253,3.3793496347678023,0.0
2025-11-24,23.8,28.4,25.201041666666665,288,328,35.24095650265741,3.051176501923532,0.0
2025-11-25,22.3,30.1,25.407291666666666,288,329,35.20416393732174,3.988045754640125,0.0
2025-11-26,21.7,31.3,25.205555555555556,288,330,35.168496710364586,4.399220547776666,0.0
2025-11-27,21.1,31.3,24.827083333333334,288,331,35.13400236379519,4.490297148704321,0.0
2025-11-28,21.4,30.0,24.63576388888889,288,332,35.10072697613499,4.100710525103779,0.0
2025-11-29,22.0,24.7,22.99548611111111,288,333,35.068715108869,2.2068641522221166,0.0
2025-11-30,21.9,25.4,23.240277777777777,288,334,35.03800975476967,2.525489077844893,0.0
2025-12-01,22.8,26.1,24.07534722222222,288,335,35.008652288133774,2.5000721083251447,0.0
2025-12-02,23.4,26.6,24.365972222222222,288,336,34.980682416970595,2.47700644588903,0.0
2025-12-03,22.7,26.4,24.186111111111114,288,337,34.95413813717739,2.650128073072707,0.0
2025-12-04,23.0,30.1,25.321180555555557,288,338,34.92905568873579,3.7676314449642074,0.0
2025-12-05,23.9,29.8,25.542708333333334,288,339,34.90546951396092,3.4498267621774965,0.0
2025-12-06,23.2,31.4,25.977777777777778,288,340,34.88341221783261,4.105266452665784,0.0
2025-12-07,21.4,30.0,25.14340277777778,288,341,34.86291453043628,4.121650123546095,0.0
2025-12-08,21.1,31.2,24.822569444444444,288,342,34.8440052715394,4.430881509978357,0.0
2025-12-09,21.4,31.4,24.867013888888888,288,343,34.82671131732721,4.411298709586749,0.0
2025-12-10,21.9,31.6,25.268055555555556,288,344,34.8110575693199,4.383490814654894,0.0
2025-12-11,20.0,31.3,24.286458333333332,288,345,34.79706692549185,4.621532295926907,0.0
2025-12-12,19.3,30.6,23.76111111111111,288,346,34.78476025361183,4.56222959523615,0.0
2025-12-13,17.6,30.6,22.639236111111114,288,347,34.774156366821536,4.759846788412906,0.0
2025-12-14,17.1,30.4,22.428472222222222,288,348,34.7652720014685,4.788138930607159,0.0
2025-12-15,17.0,31.3,23.759722222222223,288,349,34.75812179720799,5.128126234082481,0.0
2025-12-16,23.0,27.4,24.680208333333333,288,350,34.752718279387146,2.907123673069897,0.0
2025-12-17,20.1,30.3,25.071875,288,351,34.74907184372339,4.466604758675987,0.0
2025-12-18,19.2,30.4,23.297222222222224,288,352,34.747190743287824,4.48645101216577,0.0
2025-12-19,18.5,29.9,22.76909722222222,288,353,34.74708107780323,4.468151071145775,0.0
2025-12-20,16.8,30.7,22.253819444444446,288,354,34.748746785265055,4.871382525575007,0.0
2025-12-21,17.9,30.6,22.946180555555557,288,355,34.75218963589264,4.73731966313573,0.0
2025-12-22,17.5,31.1,23.38611111111111,288,356,34.75740922841674,4.955978228628336,0.0
2025-12-23,18.1,31.7,23.631597222222222,288,357,34.764402988708476,4.986521059028161,0.0
2025-12-24,17.8,31.5,23.314930555555556,288,358,34.77316617075347,4.967819778471219,0.0
2025-12-25,18.1,30.0,23.296875,288,359,34.78369185997388,4.62934669815249,0.0
2025-12-26,20.1,30.8,23.99826388888889,288,360,34.795970978900094,4.4662275271984,0.0
2025-12-27,17.9,31.4,23.462152777777778,288,361,34.80999229519227,4.954324466520147,0.0
2025-12-28,18.4,31.5,23.921180555555555,288,362,34.82574243201119,4.936900473279648,0.0
2025-12-29,20.0,30.9,24.244444444444444,288,363,34.84320588073618,4.540479570980338,0.0
2025-12-30,19.4,31.9,24.703472222222224,288,364,34.86236501602698,4.91810746314375,0.0
2025-12-31,23.4,28.3,25.147569444444443,288,365,34.88320011322481,3.11325505284516,0.0
2026-01-01,22.9,30.6,25.534374999999997,288,1,34.90568936808677,3.9403597208536842,0.0
2026-01-02,22.9,32.3,26.202083333333334,288,2,34.9298089188458,4.423796365745469,0.0
2026-01-03,20.9,30.9,24.42361111111111,288,3,34.95553287058762,4.381603265641594,0.0
2026-01-04,19.3,31.3,23.859722222222224,288,4,34.98283332193353,4.73940394129336,0.0
2026-01-05,18.5,31.2,23.865972222222222,288,5,35.01168039401744,4.880429993063675,0.0
2026-01-06,20.1,31.0,24.529861111111114,288,6,35.04204226174224,4.597389008687977,0.0
2026-01-07,19.4,31.1,24.049305555555556,288,7,35.073885187300576,4.713318785374295,0.0
2026-01-08,18.3,31.2,23.415972222222223,288,8,35.10717355594125,4.87885624323771,0.0
2026-01-09,20.6,26.8,23.147916666666667,288,9,35.1418699139621,3.363676909602046,0.0
2026-01-10,21.6,27.1,23.140972222222224,288,10,35.17793500890687,3.1708200100030437,0.0
2026-01-11,20.4,28.5,23.413888888888888,288,11,35.2153278319421,3.877748091402316,0.0
2026-01-12,21.3,25.3,22.889930555555555,288,12,35.25400566238726,2.693315099655273,0.0
2026-01-13,21.1,31.2,24.683333333333334,288,13,35.29392411436929,4.473433350657134,0.0
2026-01-14,19.2,32.0,24.375,288,14,35.33503718557005,5.005268510629441,0.0
2026-01-15,19.0,31.8,24.083680555555556,288,15,35.37729730803231,4.9766400062969485,0.0
2026-01-16,19.5,31.7,23.97222222222222,288,16,35.42065540098779,4.851609519735373,0.0
2026-01-17,17.7,31.7,23.063194444444445,288,17,35.46506092566737,5.090480685512466,0.0
2026-01-18,15.9,31.4,22.544444444444444,288,18,35.51046194205122,5.295020698448109,0.0
2026-01-19,16.5,31.8,22.616666666666667,288,19,35.55680516751312,5.277043712198696,0.0
2026-01-20,16.7,31.5,22.772916666666667,288,20,35.604036037310756,5.217086894264813,0.0
2026-01-21,17.6,32.0,23.268055555555556,288,21,35.65209876687048,5.215935827097125,0.0
2026-01-22,17.4,32.0,22.973958333333332,288,22,35.70093641581149,5.221564678461941,0.0
2026-01-23,17.2,30.0,22.587847222222223,288,23,35.750490953651955,4.84952777998364,0.0
2026-01-24,21.5,24.5,22.520833333333332,288,24,35.800703327135686,2.3471640085125545,0.0
2026-01-25,21.7,23.4,22.429861111111112,288,25,35.85151352911508,1.7653964152669377,0.0
2026-01-26,20.8,29.5,24.399652777777778,288,26,35.902860668922536,4.195264133869475,0.0
2026-01-27,20.5,30.0,24.528125000000003,288,27,35.954683044159374,4.403601895214736,0.0
2026-01-28,19.0,31.3,23.83159722222222,288,28,36.00691821382807,4.935411092094914,0.0
2026-01-29,18.8,31.2,23.547916666666666,288,29,36.059503072729946,4.928854115497142,0.0
2026-01-30,18.2,31.3,23.375694444444445,288,30,36.11237392704755,5.0523609595231065,0.0
2026-01-31,17.4,31.6,23.717361111111114,288,31,36.16546657102769,5.311653513277126,0.0
2026-02-01,20.1,31.8,24.69375,288,32,36.21871636467765,4.942114413034887,0.0
2026-02-02,19.5,31.5,24.279861111111114,288,33,36.27205831238404,4.9636239723113,0.0
2026-02-03,18.8,32.1,24.598617511520736,217,34,36.32542714236119,5.272905617328571,0.0
