event,start,end,dur_min,total_mm,peak_mm,n_inc
0,2024-05-28T19:10:00.000000,2024-05-28T19:15:00.000000,5,1.4,1.2,2
1,2024-05-29T10:05:00.000000,2024-05-29T11:25:00.000000,80,4.0,1.0,8
2,2024-06-01T21:45:00.000000,2024-06-01T22:15:00.000000,30,4.8,1.8,6
3,2024-06-05T16:10:00.000000,2024-06-05T16:20:00.000000,10,2.6000000000000005,2.2,3
4,2024-06-05T21:45:00.000000,2024-06-05T23:00:00.000000,75,2.4,1.4,4
5,2024-06-06T22:10:00.000000,2024-06-06T23:50:00.000000,100,12.4,3.0,13
6,2024-06-07T22:15:00.000000,2024-06-07T23:55:00.000000,100,1.6,0.8,3
7,2024-06-20T11:20:00.000000,2024-06-20T11:20:00.000000,0,1.8,1.8,1
8,2024-06-21T15:50:00.000000,2024-06-21T16:45:00.000000,55,2.2,0.8,4
9,2024-06-22T15:35:00.000000,2024-06-23T01:45:00.000000,610,27.200000000000003,5.0,36
10,2024-06-23T16:50:00.000000,2024-06-23T17:20:00.000000,30,10.8,8.200000000000001,5
11,2024-06-24T18:20:00.000000,2024-06-24T21:40:00.000000,200,5.6000000000000005,2.0,7
12,2024-06-25T19:55:00.000000,2024-06-25T20:20:00.000000,25,4.4,1.8,6
13,2024-07-03T18:15:00.000000,2024-07-03T19:05:00.000000,50,2.6,1.0,5
14,2024-07-03T22:35:00.000000,2024-07-03T23:40:00.000000,65,5.4,2.2,11
15,2024-07-05T20:20:00.000000,2024-07-06T05:20:00.000000,540,24.400000000000002,5.4,32
16,2024-07-12T18:25:00.000000,2024-07-13T03:30:00.000000,545,14.400000000000002,2.2,35
17,2024-07-16T22:50:00.000000,2024-07-17T01:30:00.000000,160,1.8,0.2,9
18,2024-07-18T17:15:00.000000,2024-07-18T18:50:00.000000,95,8.8,3.2,11
19,2024-07-19T16:35:00.000000,2024-07-19T17:55:00.000000,80,1.2000000000000002,0.2,6
20,2024-08-01T18:25:00.000000,2024-08-01T18:35:00.000000,10,1.4,1.0,3
21,2024-08-05T00:00:00.000000,2024-08-05T05:55:00.000000,355,15.000000000000002,0.8,53
22,2024-08-06T18:00:00.000000,2024-08-06T18:40:00.000000,40,2.0,0.8,4
23,2024-08-06T22:40:00.000000,2024-08-07T02:05:00.000000,205,15.200000000000001,3.2,20
24,2024-08-08T00:20:00.000000,2024-08-08T05:20:00.000000,300,27.6,4.800000000000001,24
25,2024-08-08T18:20:00.000000,2024-08-08T21:05:00.000000,165,34.2,5.4,25
26,2024-08-09T01:55:00.000000,2024-08-09T04:55:00.000000,180,7.800000000000001,1.2,20
27,2024-08-09T20:50:00.000000,2024-08-10T02:10:00.000000,320,164.6,15.2,44
28,2024-08-11T01:25:00.000000,2024-08-11T07:00:00.000000,335,16.2,1.4,43
29,2024-08-12T03:30:00.000000,2024-08-12T04:30:00.000000,60,4.2,1.8,5
30,2024-08-14T06:15:00.000000,2024-08-14T06:30:00.000000,15,6.000000000000001,3.2,4
31,2024-08-17T02:30:00.000000,2024-08-17T03:05:00.000000,35,2.2,1.0,3
32,2024-08-27T22:30:00.000000,2024-08-28T02:45:00.000000,255,18.4,5.0,13
33,2024-08-29T20:05:00.000000,2024-08-29T21:20:00.000000,75,3.4000000000000004,1.6,7
34,2024-08-30T21:50:00.000000,2024-08-31T00:40:00.000000,170,3.2,1.0,9
35,2024-09-01T20:15:00.000000,2024-09-01T21:30:00.000000,75,4.2,1.4,6
36,2024-09-02T20:35:00.000000,2024-09-02T21:20:00.000000,45,12.0,4.2,8
37,2024-09-05T22:30:00.000000,2024-09-06T04:30:00.000000,360,57.400000000000006,11.0,26
38,2024-09-08T18:30:00.000000,2024-09-08T21:30:00.000000,180,3.2,1.8,5
39,2024-09-21T18:05:00.000000,2024-09-21T19:05:00.000000,60,14.200000000000001,6.800000000000001,9
40,2024-09-27T03:40:00.000000,2024-09-27T04:00:00.000000,20,1.6,1.0,3
41,2024-10-02T23:10:00.000000,2024-10-03T00:00:00.000000,50,2.4000000000000004,0.6000000000000001,8
42,2024-10-03T21:45:00.000000,2024-10-04T00:50:00.000000,185,32.400000000000006,8.200000000000001,14
43,2024-10-05T00:15:00.000000,2024-10-05T00:30:00.000000,15,1.0,0.4,4
44,2024-10-05T18:20:00.000000,2024-10-05T19:20:00.000000,60,1.6,0.8,5
45,2024-10-07T22:55:00.000000,2024-10-07T23:00:00.000000,5,2.8,1.8,2
46,2024-10-10T10:20:00.000000,2024-10-10T11:50:00.000000,90,20.4,3.6,18
47,2024-10-11T02:50:00.000000,2024-10-11T09:35:00.000000,405,3.2,0.6000000000000001,9
48,2024-10-12T08:05:00.000000,2024-10-12T08:10:00.000000,5,6.6,3.8,2
49,2024-10-12T11:45:00.000000,2024-10-12T12:30:00.000000,45,4.0,1.8,5
50,2024-10-13T00:40:00.000000,2024-10-13T03:45:00.000000,185,6.0,2.0,9
51,2024-10-14T04:10:00.000000,2024-10-14T10:40:00.000000,390,15.4,0.6000000000000001,42
52,2024-10-14T15:55:00.000000,2024-10-15T00:10:00.000000,495,23.6,0.8,64
53,2024-10-15T09:20:00.000000,2024-10-15T22:30:00.000000,790,33.4,4.2,67
54,2024-10-19T05:00:00.000000,2024-10-19T10:35:00.000000,335,48.2,9.200000000000001,28
55,2024-10-28T21:05:00.000000,2024-10-28T21:55:00.000000,50,3.0000000000000004,0.6000000000000001,10
56,2024-10-30T08:55:00.000000,2024-10-30T11:20:00.000000,145,5.4,1.8,7
57,2024-10-31T05:40:00.000000,2024-10-31T06:05:00.000000,25,4.4,2.6,5
58,2024-11-01T07:30:00.000000,2024-11-01T10:00:00.000000,150,12.8,3.8,13
59,2024-11-02T02:15:00.000000,2024-11-02T02:50:00.000000,35,4.0,1.6,7
60,2024-11-03T00:15:00.000000,2024-11-03T02:30:00.000000,135,5.4,2.4,5
61,2024-11-03T19:15:00.000000,2024-11-03T21:25:00.000000,130,1.6,0.6000000000000001,4
62,2024-11-06T14:20:00.000000,2024-11-06T17:15:00.000000,175,5.800000000000001,4.2,6
63,2024-11-12T17:20:00.000000,2024-11-13T12:45:00.000000,1165,58.400000000000006,6.4,60
64,2024-11-13T22:05:00.000000,2024-11-14T05:00:00.000000,415,5.2,0.8,12
65,2024-11-14T09:55:00.000000,2024-11-14T10:10:00.000000,15,5.6,2.4,4
66,2024-11-14T22:55:00.000000,2024-11-15T06:50:00.000000,475,28.400000000000002,5.600000000000001,24
67,2024-11-15T13:00:00.000000,2024-11-15T14:30:00.000000,90,1.2000000000000002,0.4,3
68,2024-11-15T18:25:00.000000,2024-11-15T18:45:00.000000,20,2.0,0.8,3
69,2024-11-16T01:20:00.000000,2024-11-16T07:20:00.000000,360,4.8,1.2,9
70,2024-11-16T21:55:00.000000,2024-11-17T06:40:00.000000,525,19.6,4.0,17
71,2024-12-13T06:45:00.000000,2024-12-13T06:45:00.000000,0,2.2,2.2,1
72,2024-12-13T12:00:00.000000,2024-12-13T14:45:00.000000,165,5.000000000000001,1.6,10
73,2024-12-18T04:00:00.000000,2024-12-18T04:20:00.000000,20,1.2000000000000002,0.4,4
74,2025-05-17T15:35:00.000000,2025-05-17T17:20:00.000000,105,39.8,7.0,21
75,2025-05-18T01:25:00.000000,2025-05-18T02:10:00.000000,45,14.0,4.0,10
76,2025-05-18T21:35:00.000000,2025-05-19T00:40:00.000000,185,2.2,0.2,11
77,2025-05-20T19:30:00.000000,2025-05-20T23:30:00.000000,240,1.2000000000000002,0.4,5
78,2025-05-23T21:00:00.000000,2025-05-23T21:30:00.000000,30,3.6,1.4,7
79,2025-06-03T20:40:00.000000,2025-06-03T22:45:00.000000,125,8.6,2.4,11
80,2025-06-08T18:00:00.000000,2025-06-08T22:10:00.000000,250,2.6,0.4,12
81,2025-06-10T19:15:00.000000,2025-06-11T01:30:00.000000,375,6.4,0.8,26
82,2025-06-11T21:45:00.000000,2025-06-11T22:45:00.000000,60,38.8,6.6,13
83,2025-06-22T21:00:00.000000,2025-06-22T22:15:00.000000,75,1.6,0.2,8
